"","n_versions","n_fixes","n_refact","n_authors","lines_added","max_lin_add","avg_lin_add","lines_rem","max_lin_rem","avg_lin_rem","code_churn","max_code_churn","avg_code_churn","age","weighted_age","class"
"1",65,4,0,8,608,158,935.385,566,158,870.769,42,15,0.646154,350.571,630.609,"NO_BUG"
"2",2,0,0,2,10,10,5,0,0,0,10,10,5,117.714,0,"NO_BUG"
"3",120,10,0,12,1361,99,113.417,768,77,6.4,593,66,494.167,238.429,104.204,"BUG"
"4",28,4,0,5,138,39,492.857,123,39,439.286,15,23,0.535714,367,112.678,"NO_BUG"
"5",93,17,0,8,1870,684,201.075,1881,692,202.258,-11,18,-0.11828,367,549.702,"NO_BUG"
"6",16,5,0,5,37,6,23.125,17,6,10.625,20,4,1.25,264.857,488.224,"NO_BUG"
"7",30,5,0,5,535,142,178.333,74,13,246.667,461,142,153.667,226,32.259,"NO_BUG"
"8",7,6,0,2,14,7,2,29,27,414.286,-15,4,-214.286,150.714,121.531,"NO_BUG"
"9",52,5,0,7,1075,343,206.731,889,343,170.962,186,68,357.692,367,811.875,"NO_BUG"
"10",23,5,0,6,122,42,530.435,138,42,6,-16,16,-0.695652,367,844.309,"NO_BUG"
"11",25,8,0,5,228,82,9.12,61,8,2.44,167,74,6.68,229.714,104.781,"NO_BUG"
"12",11,4,0,3,193,81,175.455,12,4,109.091,181,81,164.545,222.857,131.984,"NO_BUG"
"13",32,7,0,5,219,89,684.375,207,89,646.875,12,11,0.375,367,539.478,"NO_BUG"
"14",52,3,0,5,991,226,190.577,633,148,121.731,358,161,688.462,367,136.59,"NO_BUG"
"15",13,2,0,4,91,31,7,49,14,376.923,42,17,323.077,175,354.835,"NO_BUG"
"16",9,5,0,4,11,5,122.222,10,5,111.111,1,1,0.111111,224.857,863.117,"NO_BUG"
"17",193,30,0,12,6571,1071,340.466,6072,1123,314.611,499,174,258.549,367,111.711,"BUG"
"18",12,2,0,5,228,53,19,162,35,13.5,66,40,5.5,193.571,472.807,"NO_BUG"
"19",1,0,0,1,0,0,0,0,0,0,0,0,0,785.714,0,"NO_BUG"
"20",91,8,0,9,6880,1627,756.044,5271,1359,579.231,1609,583,176.813,236,960.161,"BUG"
"21",35,6,0,7,405,155,115.714,409,155,116.857,-4,12,-0.114286,367,464.272,"NO_BUG"
"22",6,3,0,3,104,49,173.333,6,4,1,98,49,163.333,228.857,148.173,"NO_BUG"
"23",43,6,0,6,409,105,951.163,317,110,737.209,92,79,213.953,367,133.861,"BUG"
"24",168,12,0,10,2126,307,126.548,1719,307,102.321,407,63,242.262,367,129.876,"BUG"
"25",20,4,0,7,115,14,5.75,175,94,8.75,-60,5,-3,244.571,998.596,"NO_BUG"
"26",92,12,0,9,2972,319,323.043,3264,892,354.783,-292,168,-317.391,239.143,494.217,"BUG"
"27",76,10,0,7,1763,600,231.974,1852,600,243.684,-89,43,-117.105,367,810.014,"BUG"
"28",54,8,0,7,740,243,137.037,669,243,123.889,71,85,131.481,367,941.838,"NO_BUG"
"29",4,1,0,4,18,17,4.5,7,6,1.75,11,11,2.75,141.714,232.937,"NO_BUG"
"30",149,12,0,11,5262,483,353.154,4660,483,312.752,602,226,404.027,367,148.462,"NO_BUG"
"31",2,1,0,2,1,1,0.5,1,1,0.5,0,0,0,127,692.857,"NO_BUG"
"32",10,4,0,3,60,32,6,61,33,6.1,-1,0,-0.1,322.714,974.809,"NO_BUG"
"33",47,7,0,5,320,52,680.851,262,52,557.447,58,20,123.404,367,924.138,"NO_BUG"
"34",37,6,0,6,284,64,767.568,258,64,697.297,26,22,0.702703,367,81.749,"NO_BUG"
"35",82,7,0,8,2577,325,314.268,2733,325,333.293,-156,81,-190.244,367,775.985,"BUG"
"36",29,4,0,5,184,69,634.483,185,69,637.931,-1,6,-0.0344828,367,493.261,"NO_BUG"
"37",39,14,0,7,465,167,119.231,264,167,676.923,201,74,515.385,333.143,70.569,"NO_BUG"
"38",7,0,0,1,23,11,328.571,6,4,0.857143,17,10,242.857,16,203.106,"NO_BUG"
"39",89,9,0,9,2001,399,224.831,1889,399,212.247,112,117,125.843,367,118.103,"BUG"
"40",81,18,0,9,1835,349,226.543,1569,379,193.704,266,79,328.395,367,130.299,"BUG"
"41",32,1,0,4,413,92,129.062,122,26,38.125,291,80,909.375,175.714,249.862,"NO_BUG"
"42",58,11,0,7,1851,721,319.138,1730,721,298.276,121,77,208.621,367,493.741,"NO_BUG"
"43",86,11,0,8,1629,335,189.419,1535,335,178.488,94,65,109.302,367,764.774,"NO_BUG"
"44",2,1,0,2,1,1,0.5,1,1,0.5,0,0,0,165.714,135.714,"NO_BUG"
"45",24,5,0,4,167,70,695.833,174,70,7.25,-7,8,-0.291667,367,663.601,"NO_BUG"
"46",11,4,0,6,21,4,190.909,17,4,154.545,4,3,0.363636,282,827.755,"NO_BUG"
"47",7,2,0,2,139,75,198.571,28,13,4,111,63,158.571,914.286,158.068,"NO_BUG"
"48",10,3,0,6,16,5,1.6,28,18,2.8,-12,5,-1.2,271,864.107,"NO_BUG"
"49",7,6,0,1,12,4,171.429,10,4,142.857,2,2,0.285714,168.857,933.452,"NO_BUG"
"50",18,9,1,6,211,84,117.222,53,14,294.444,158,84,877.778,222.714,216.087,"NO_BUG"
"51",224,16,0,12,6579,1041,293.705,5717,1041,255.223,862,146,384.821,367,115.991,"BUG"
"52",10,2,0,2,86,60,8.6,62,51,6.2,24,9,2.4,105,223.239,"NO_BUG"
"53",12,3,0,5,233,165,194.167,78,34,6.5,155,131,129.167,184.714,788.087,"NO_BUG"
"54",15,4,0,5,121,69,806.667,119,69,793.333,2,6,0.133333,367,689.906,"NO_BUG"
"55",27,5,0,5,152,42,562.963,182,32,674.074,-30,41,-111.111,367,624.445,"NO_BUG"
"56",73,16,0,8,2096,439,287.123,1160,439,158.904,936,282,128.219,333.143,840.883,"NO_BUG"
"57",50,6,0,8,574,115,11.48,707,115,14.14,-133,14,-2.66,367,119.907,"BUG"
"58",26,6,0,6,112,54,430.769,89,54,342.308,23,7,0.884615,355.714,798.367,"NO_BUG"
"59",60,3,0,7,986,170,164.333,1102,170,183.667,-116,35,-193.333,367,741.623,"BUG"
"60",3,0,0,1,149,149,496.667,149,149,496.667,0,149,0,60,128.571,"NO_BUG"
"61",14,4,0,5,53,9,378.571,61,9,435.714,-8,0,-0.571429,322.714,689.003,"NO_BUG"
"62",37,6,0,6,177,65,478.378,167,65,451.351,10,11,0.27027,367,820.153,"NO_BUG"
"63",16,2,0,4,151,30,94.375,109,31,68.125,42,19,2.625,169.143,468.515,"NO_BUG"
"64",110,7,0,9,1350,176,122.727,1190,176,108.182,160,30,145.455,367,923.705,"NO_BUG"
"65",31,2,0,6,571,152,184.194,578,152,186.452,-7,6,-0.225806,367,615.161,"NO_BUG"
"66",10,4,0,3,29,9,2.9,30,10,3,-1,0,-0.1,322.714,509.852,"NO_BUG"
"67",84,31,0,8,2092,395,249.048,1163,62,138.452,929,395,110.595,223.429,469.666,"BUG"
"68",14,4,0,4,279,92,199.286,43,10,307.143,236,88,168.571,224.857,869.329,"NO_BUG"
"69",61,13,0,8,667,241,109.344,705,241,115.574,-38,5,-0.622951,367,796.989,"BUG"
"70",36,3,0,5,842,188,233.889,593,97,164.722,249,123,691.667,367,157.823,"NO_BUG"
"71",13,2,0,4,74,29,569.231,50,29,384.615,24,29,184.615,139.714,13.749,"NO_BUG"
"72",50,6,0,8,271,42,5.42,217,42,4.34,54,27,1.08,367,128.633,"NO_BUG"
"73",49,4,0,7,405,136,826.531,338,136,689.796,67,17,136.735,367,104.855,"NO_BUG"
"74",28,6,0,7,407,225,145.357,365,225,130.357,42,32,1.5,329,741.846,"BUG"
"75",74,8,0,8,1181,247,159.595,1310,247,177.027,-129,33,-174.324,367,749.741,"BUG"
"76",9,4,0,4,17,4,188.889,21,6,233.333,-4,0,-0.444444,256.571,483.193,"NO_BUG"
"77",6,3,0,3,148,71,246.667,6,4,1,142,71,236.667,222.857,10.582,"NO_BUG"
"78",34,12,0,7,316,123,929.412,181,123,532.353,135,60,397.059,333.143,709.878,"NO_BUG"
"79",13,4,0,7,52,17,4,7,4,0.538462,45,17,346.154,226.571,292.555,"NO_BUG"
"80",11,4,0,5,18,5,163.636,21,5,190.909,-3,0,-0.272727,319.714,891.905,"NO_BUG"
"81",44,9,0,6,292,61,663.636,271,61,615.909,21,16,0.477273,367,782.143,"NO_BUG"
"82",41,5,0,8,535,87,130.488,363,87,885.366,172,41,419.512,329,802.275,"NO_BUG"
"83",18,5,0,4,134,64,744.444,136,64,755.556,-2,5,-0.111111,367,538.454,"NO_BUG"
"84",52,10,0,7,355,130,682.692,355,130,682.692,0,10,0,367,511.952,"NO_BUG"
"85",24,7,0,7,267,108,11.125,124,44,516.667,143,64,595.833,278.571,145.973,"BUG"
"86",9,3,0,5,12,4,133.333,11,4,122.222,1,1,0.111111,236,611.071,"NO_BUG"
"87",42,3,0,6,254,53,604.762,255,53,607.143,-1,5,-0.0238095,367,849.809,"NO_BUG"
"88",19,6,0,5,101,37,531.579,22,4,115.789,79,37,415.789,229.714,16.587,"NO_BUG"
"89",17,3,0,6,80,15,470.588,37,6,217.647,43,9,252.941,239.143,495.089,"NO_BUG"
"90",19,6,0,5,70,23,368.421,89,23,468.421,-19,11,-1,270.143,145.004,"NO_BUG"
"91",7,0,0,1,94,34,134.286,73,26,104.286,21,11,3,957.143,371.581,"NO_BUG"
"92",39,14,0,8,431,164,110.513,258,164,661.538,173,74,44.359,333.143,723.752,"NO_BUG"
"93",22,4,0,8,105,23,477.273,66,23,3,39,19,177.273,248.571,692.898,"BUG"
"94",84,8,0,8,919,251,109.405,803,251,955.952,116,18,138.095,367,875.335,"NO_BUG"
"95",132,8,0,8,2132,535,161.515,2129,535,161.288,3,39,0.0227273,367,744.663,"NO_BUG"
"96",8,4,0,4,12,4,1.5,10,4,1.25,2,1,0.25,228.143,402.857,"BUG"
"97",5,2,0,2,144,82,28.8,1,1,0.2,143,82,28.6,228.857,590.307,"NO_BUG"
"98",45,15,0,7,813,187,180.667,414,187,9.2,399,93,886.667,333.143,984.973,"NO_BUG"
"99",28,4,0,5,265,76,946.429,256,76,914.286,9,6,0.321429,367,524.016,"NO_BUG"
"100",19,7,0,6,317,121,166.842,312,120,164.211,5,18,0.263158,229.857,511.739,"NO_BUG"
"101",33,4,0,4,397,54,120.303,280,53,848.485,117,53,354.545,164.714,426.312,"NO_BUG"
"102",49,4,0,9,630,89,128.571,197,43,402.041,433,89,883.673,224.143,62.839,"NO_BUG"
"103",121,8,0,10,1517,223,125.372,1385,237,114.463,132,39,109.091,367,130.518,"NO_BUG"
"104",5,1,0,2,26,11,5.2,10,4,2,16,7,3.2,103.286,51.945,"NO_BUG"
"105",38,13,0,7,453,172,119.211,269,172,707.895,184,77,484.211,333.143,699.451,"NO_BUG"
"106",49,4,0,7,497,97,101.429,583,97,11.898,-86,19,-17.551,367,518.896,"BUG"
"107",15,2,0,7,86,17,573.333,52,11,346.667,34,15,226.667,221,463.405,"NO_BUG"
"108",111,21,0,9,5118,788,461.081,5065,788,456.306,53,279,0.477477,367,809.683,"NO_BUG"
"109",21,4,0,7,52,15,247.619,227,82,108.095,-175,2,-833.333,236,274.478,"NO_BUG"
"110",44,4,0,8,286,82,6.5,252,82,572.727,34,21,0.772727,367,627.033,"NO_BUG"
"111",36,6,0,7,597,165,165.833,87,12,241.667,510,165,141.667,239.571,135.219,"NO_BUG"
"112",30,3,0,6,929,78,309.667,902,78,300.667,27,16,0.9,367,301.708,"NO_BUG"
"113",18,4,0,4,599,151,332.778,51,24,283.333,548,151,304.444,169.857,731.803,"BUG"
"114",19,5,0,7,240,46,126.316,215,44,113.158,25,10,131.579,234.571,217.625,"NO_BUG"
"115",26,6,0,7,207,50,796.154,164,50,630.769,43,14,165.385,367,104.823,"NO_BUG"
"116",38,13,0,7,484,172,127.368,296,172,778.947,188,73,494.737,333.143,720.003,"NO_BUG"
"117",45,6,0,8,1727,444,383.778,722,107,160.444,1005,430,223.333,229,255.065,"NO_BUG"
"118",9,5,0,3,234,103,26,26,15,288.889,208,103,231.111,228.857,155.336,"NO_BUG"
"119",72,11,0,7,873,188,12.125,818,188,113.611,55,14,0.763889,367,101.333,"NO_BUG"
"120",1,0,0,1,0,0,0,0,0,0,0,0,0,172.714,0,"NO_BUG"
"121",35,6,0,6,177,54,505.714,201,54,574.286,-24,5,-0.685714,367,574.762,"NO_BUG"
"122",27,4,0,8,317,98,117.407,91,35,337.037,226,63,837.037,248.571,586.223,"NO_BUG"
"123",17,4,0,5,66,23,388.235,41,17,241.176,25,22,147.059,367,118.11,"NO_BUG"
"124",16,3,0,4,79,27,49.375,81,27,50.625,-2,6,-0.125,367,74.094,"NO_BUG"
"125",3,1,0,2,3,2,1,3,2,1,0,0,0,498.571,406.667,"NO_BUG"
"126",34,5,0,7,553,184,162.647,514,184,151.176,39,25,114.706,367,785.451,"NO_BUG"
"127",107,10,0,9,1707,139,159.533,863,70,806.542,844,119,788.785,248.571,940.384,"BUG"
"128",22,6,0,4,192,109,872.727,185,109,840.909,7,5,0.318182,367,58.026,"NO_BUG"
"129",2,2,0,1,2,2,1,3,3,1.5,-1,0,-0.5,578.571,0,"NO_BUG"
"130",34,12,0,7,316,122,929.412,183,122,538.235,133,59,391.176,333.143,703.734,"NO_BUG"
"131",35,7,0,7,215,50,614.286,148,46,422.857,67,41,191.429,281.143,350.671,"BUG"
"132",28,2,0,7,981,334,350.357,1039,334,371.071,-58,12,-207.143,367,59.3,"NO_BUG"
"133",8,2,0,2,132,62,16.5,104,50,13,28,12,3.5,105,817.056,"BUG"
"134",38,6,0,5,239,58,628.947,226,58,594.737,13,9,0.342105,367,672.791,"BUG"
"135",116,9,0,8,1922,368,16.569,1691,368,145.776,231,29,199.138,367,760.182,"NO_BUG"
"136",1,0,0,1,0,0,0,0,0,0,0,0,0,122.857,0,"NO_BUG"
"137",58,14,0,8,673,206,116.034,476,206,82.069,197,49,339.655,333.143,652.539,"NO_BUG"
"138",76,6,0,8,1158,300,152.368,1252,370,164.737,-94,23,-123.684,367,661.541,"NO_BUG"
"139",167,8,0,11,2144,515,128.383,1636,515,979.641,508,47,304.192,329,770.235,"NO_BUG"
"140",27,5,0,5,629,146,232.963,80,12,296.296,549,146,203.333,226,316.489,"NO_BUG"
"141",29,5,0,4,280,93,965.517,256,93,882.759,24,25,0.827586,367,344.097,"NO_BUG"
"142",90,8,0,8,4337,329,481.889,4198,329,466.444,139,101,154.444,367,365.847,"BUG"
"143",38,13,0,7,493,173,129.737,285,173,7.5,208,75,547.368,333.143,732.634,"NO_BUG"
"144",21,5,0,5,147,54,7,139,54,661.905,8,31,0.380952,367,561.244,"NO_BUG"
"145",82,4,0,7,1665,441,203.049,1510,441,184.146,155,135,189.024,367,710.099,"NO_BUG"
"146",80,10,0,8,620,91,7.75,506,91,6.325,114,15,1.425,367,106.514,"NO_BUG"
"147",4,1,0,2,11,8,2.75,11,8,2.75,0,0,0,877.143,835.065,"NO_BUG"
"148",1,0,0,1,0,0,0,0,0,0,0,0,0,29,0,"NO_BUG"
"149",33,2,0,5,798,141,241.818,730,127,221.212,68,72,206.061,367,112.254,"NO_BUG"
"150",47,7,0,9,502,140,106.809,300,140,638.298,202,71,429.787,367,154.785,"NO_BUG"
"151",28,4,0,5,104,44,371.429,103,44,367.857,1,6,0.0357143,367,590.316,"NO_BUG"
"152",1,0,0,1,0,0,0,0,0,0,0,0,0,357.143,0,"NO_BUG"
"153",87,19,0,7,3123,378,358.966,2127,378,244.483,996,216,114.483,363.857,109.912,"BUG"
"154",7,3,0,4,19,7,271.429,13,5,185.714,6,6,0.857143,191.571,956.842,"NO_BUG"
"155",35,4,0,8,219,110,625.714,49,7,1.4,170,106,485.714,243.857,141.279,"BUG"
"156",84,8,0,6,857,102,102.024,680,102,809.524,177,59,210.714,367,122.828,"BUG"
"157",8,3,0,3,28,7,3.5,18,5,2.25,10,6,1.25,175,341.888,"NO_BUG"
"158",17,4,0,4,68,23,4,68,23,4,0,6,0,367,616.723,"NO_BUG"
"159",41,6,0,7,337,105,821.951,316,105,770.732,21,15,0.512195,367,802.128,"NO_BUG"
"160",37,5,0,5,1295,285,35,1325,285,358.108,-30,43,-0.810811,367,632.596,"NO_BUG"
"161",135,24,0,9,5002,649,370.519,4154,634,307.704,848,269,628.148,288.143,967.068,"NO_BUG"
"162",51,6,0,5,809,159,158.627,805,159,157.843,4,13,0.0784314,367,44.356,"NO_BUG"
"163",381,27,0,9,19905,1343,522.441,16702,1343,438.373,3203,240,840.682,367,768.359,"BUG"
"164",85,9,0,8,2035,315,239.412,1862,315,219.059,173,55,203.529,367,805.213,"BUG"
"165",42,14,0,7,365,126,869.048,218,126,519.048,147,60,3.5,333.143,735.362,"NO_BUG"
"166",34,10,0,8,1053,319,309.706,473,70,139.118,580,249,170.588,220.143,269.399,"NO_BUG"
"167",12,4,0,5,58,31,483.333,52,31,433.333,6,5,0.5,329,402.143,"NO_BUG"
"168",3,0,0,1,9,7,3,35,23,116.667,-26,0,-866.667,16,173.016,"NO_BUG"
"169",5,2,0,2,22,10,4.4,28,17,5.6,-6,10,-1.2,117,555.325,"NO_BUG"
"170",14,4,0,5,129,87,921.429,156,87,111.429,-27,5,-192.857,331.857,446.523,"NO_BUG"
"171",397,96,1,10,22934,2078,577.683,19199,2001,483.602,3735,630,940.806,367,176.29,"BUG"
"172",4,2,0,3,21,19,5.25,15,13,3.75,6,6,1.5,103.143,692.925,"NO_BUG"
"173",7,4,0,3,146,69,208.571,8,4,114.286,138,69,197.143,222.857,105.264,"NO_BUG"
"174",7,3,0,3,9,5,128.571,9,5,128.571,0,0,0,236.143,636.984,"NO_BUG"
"175",21,4,0,5,65,16,309.524,77,21,366.667,-12,1,-0.571429,288.857,360.571,"NO_BUG"
"176",112,11,0,7,1709,500,152.589,1953,593,174.375,-244,44,-217.857,367,611.051,"BUG"
"177",71,5,0,10,979,202,137.887,716,210,100.845,263,50,370.423,367,132.269,"BUG"
"178",19,2,0,5,201,39,105.789,99,42,521.053,102,33,536.842,224,501.599,"NO_BUG"
"179",28,4,0,5,139,53,496.429,136,53,485.714,3,6,0.107143,367,537.605,"NO_BUG"
"180",12,5,0,4,56,27,466.667,45,27,3.75,11,10,0.916667,334.714,468.112,"NO_BUG"
"181",16,5,0,4,115,55,71.875,119,55,74.375,-4,6,-0.25,367,512.435,"NO_BUG"
"182",21,2,0,6,246,104,117.143,229,104,109.048,17,12,0.809524,367,552.096,"NO_BUG"
"183",35,6,0,5,386,100,110.286,214,100,611.429,172,37,491.429,227.571,925.426,"BUG"
"184",73,9,0,7,2135,604,292.466,2223,604,304.521,-88,22,-120.548,367,734.238,"BUG"
"185",33,5,0,4,617,331,18.697,324,129,981.818,293,202,887.879,140.143,484.719,"NO_BUG"
"186",30,9,0,7,198,77,6.6,115,77,383.333,83,36,276.667,333.143,723.867,"NO_BUG"
"187",9,5,0,4,12,4,133.333,11,4,122.222,1,1,0.111111,224.857,769.405,"NO_BUG"
"188",26,5,0,4,153,47,588.462,139,47,534.615,14,15,0.538462,367,653.119,"NO_BUG"
"189",183,30,0,9,2680,542,146.448,1779,542,972.131,901,84,49.235,367,108.119,"BUG"
"190",3,1,0,3,5,4,166.667,5,4,166.667,0,0,0,177.143,345.714,"NO_BUG"
"191",8,4,0,4,155,76,19.375,19,11,2.375,136,76,17,223.571,10.482,"NO_BUG"
"192",11,4,0,3,234,205,212.727,29,9,263.636,205,205,186.364,322.714,695.672,"BUG"
"193",44,6,0,6,328,72,745.455,277,72,629.545,51,34,115.909,367,68.76,"NO_BUG"
"194",140,26,1,10,7441,594,53.15,6989,594,499.214,452,111,322.857,367,556.267,"BUG"
"195",72,4,0,7,3216,448,446.667,3112,448,432.222,104,52,144.444,367,109.796,"BUG"
"196",35,7,0,6,205,78,585.714,214,78,611.429,-9,6,-0.257143,367,635.052,"NO_BUG"
"197",21,6,0,5,138,55,657.143,106,37,504.762,32,18,152.381,281.143,485.166,"NO_BUG"
"198",13,4,0,5,85,60,653.846,85,65,653.846,0,3,0,270.143,133.121,"NO_BUG"
"199",7,3,0,1,122,35,174.286,44,17,628.571,78,30,111.429,914.286,179.742,"NO_BUG"
"200",66,16,0,8,1809,310,274.091,1676,310,253.939,133,87,201.515,367,97.146,"NO_BUG"
"201",6,1,0,1,63,33,10.5,87,32,14.5,-24,1,-4,169.571,785.714,"NO_BUG"
"202",14,4,0,5,59,12,421.429,70,19,5,-11,4,-0.785714,322.714,690.678,"NO_BUG"
"203",53,9,0,7,420,133,792.453,382,133,720.755,38,19,0.716981,367,880.983,"NO_BUG"
"204",24,8,0,6,1029,316,42.875,448,159,186.667,581,290,242.083,220.143,151.756,"NO_BUG"
"205",45,15,0,7,625,230,138.889,368,230,817.778,257,104,571.111,333.143,71.442,"NO_BUG"
"206",43,7,0,8,888,445,206.512,427,216,993.023,461,229,107.209,262,102.345,"NO_BUG"
"207",112,26,0,10,5361,1562,478.661,2652,1562,236.786,2709,746,241.875,333.143,72.771,"NO_BUG"
"208",13,3,0,3,130,45,10,21,14,161.538,109,31,838.461,169.857,895.549,"BUG"
"209",78,8,0,7,1025,277,13.141,1060,277,135.897,-35,64,-0.448718,367,655.231,"NO_BUG"
"210",49,13,0,8,785,308,160.204,525,308,107.143,260,61,530.612,333.143,677.934,"BUG"
"211",9,3,0,4,149,68,165.556,13,4,144.444,136,68,151.111,220.857,939.981,"NO_BUG"
"212",18,4,0,4,246,75,136.667,254,75,141.111,-8,9,-0.444444,367,538.084,"NO_BUG"
"213",65,9,0,5,1612,232,24.8,1119,217,172.154,493,231,758.461,178.143,499.435,"BUG"
"214",31,5,0,4,157,48,506.452,182,48,587.097,-25,6,-0.806452,367,793.467,"NO_BUG"
"215",7,6,0,1,9,4,128.571,8,4,114.286,1,1,0.142857,168.857,859.841,"NO_BUG"
"216",35,6,0,6,154,42,4.4,123,42,351.429,31,18,0.885714,367,841.169,"NO_BUG"
"217",11,5,0,6,250,134,227.273,168,134,152.727,82,64,745.455,332,218.657,"NO_BUG"
"218",150,10,0,10,4705,765,313.667,4440,746,29.6,265,43,176.667,367,155.141,"BUG"
"219",140,8,0,8,2114,539,15.1,2023,539,14.45,91,206,0.65,367,727.247,"NO_BUG"
"220",23,3,0,7,124,39,53.913,123,39,534.783,1,5,0.0434783,367,806.912,"NO_BUG"
"221",1,0,0,1,0,0,0,0,0,0,0,0,0,147.143,0,"NO_BUG"
"222",3,3,0,1,2,1,0.666667,2,1,0.666667,0,0,0,168.857,56,"NO_BUG"
"223",30,3,0,5,578,138,192.667,576,138,19.2,2,10,0.0666667,367,76.868,"NO_BUG"
"224",36,4,0,5,833,498,231.389,822,498,228.333,11,30,0.305556,367,775.493,"NO_BUG"
"225",33,8,0,7,276,150,836.364,364,150,110.303,-88,15,-266.667,343,449.234,"BUG"
"226",7,3,0,4,22,12,314.286,11,4,157.143,11,11,157.143,193.857,83.013,"NO_BUG"
"227",31,5,0,8,216,41,696.774,171,41,551.613,45,36,145.161,367,146.976,"NO_BUG"
"228",22,6,0,5,368,85,167.273,101,31,459.091,267,65,121.364,205.857,592.092,"NO_BUG"
"229",17,6,0,5,91,42,535.294,104,42,611.765,-13,4,-0.764706,367,720.581,"NO_BUG"
"230",106,35,0,11,4597,1604,433.679,2447,849,230.849,2150,1604,20.283,225.286,170.975,"BUG"
"231",4,3,0,2,6,4,1.5,6,4,1.5,0,0,0,184.571,317.143,"NO_BUG"
"232",25,5,0,6,443,128,17.72,511,128,20.44,-68,3,-2.72,367,587.591,"NO_BUG"
"233",9,4,0,5,31,11,344.444,31,11,344.444,0,0,0,220.143,165.392,"NO_BUG"
"234",52,5,0,6,1715,296,329.808,1882,323,361.923,-167,22,-321.154,367,656.336,"NO_BUG"
"235",58,6,0,10,317,78,546.552,334,78,575.862,-17,10,-0.293103,367,926.327,"BUG"
"236",38,13,0,7,373,119,981.579,276,119,726.316,97,65,255.263,333.143,688.728,"NO_BUG"
"237",39,5,0,8,449,104,115.128,403,104,103.333,46,16,117.949,329,418.762,"NO_BUG"
"238",30,5,0,4,387,121,12.9,295,121,983.333,92,71,306.667,367,101.296,"NO_BUG"
"239",13,4,0,1,337,78,259.231,167,45,128.462,170,50,130.769,914.286,199.788,"BUG"
"240",9,5,0,4,14,4,155.556,13,4,144.444,1,1,0.111111,224.857,677.959,"NO_BUG"
"241",143,8,0,10,7111,1444,497.273,7724,1444,54.014,-613,217,-428.671,367,741.449,"BUG"
"242",156,12,0,11,3401,580,218.013,2342,588,150.128,1059,222,678.846,367,152.001,"BUG"
"243",40,7,0,7,624,92,15.6,271,89,6.775,353,74,8.825,333.143,963.013,"NO_BUG"
"244",36,13,0,7,614,220,170.556,384,220,106.667,230,86,638.889,333.143,717.064,"NO_BUG"
"245",54,5,0,8,621,91,11.5,459,91,8.5,162,48,3,367,116.731,"NO_BUG"
"246",90,7,0,7,2398,590,266.444,2072,590,230.222,326,91,362.222,367,697.218,"NO_BUG"
"247",131,20,0,7,2700,580,206.107,2515,580,191.985,185,42,141.221,367,791.748,"BUG"
"248",43,13,0,8,557,190,129.535,315,190,732.558,242,100,562.791,333.143,766.576,"NO_BUG"
"249",27,6,0,5,287,81,106.296,280,81,103.704,7,7,0.259259,367,885.903,"NO_BUG"
"250",60,8,0,7,653,163,108.833,626,163,104.333,27,17,0.45,367,74.995,"NO_BUG"
"251",43,3,0,6,392,71,911.628,318,71,739.535,74,52,172.093,367,612.591,"NO_BUG"
"252",59,7,0,9,588,205,99.661,594,205,100.678,-6,21,-0.101695,367,790.481,"BUG"
"253",11,1,0,3,194,141,176.364,78,33,709.091,116,121,105.455,89,610.604,"NO_BUG"
"254",31,8,0,7,508,87,163.871,85,9,274.194,423,87,136.452,229.714,775.506,"NO_BUG"
"255",120,31,0,12,3335,544,277.917,2024,588,168.667,1311,125,10.925,333.143,131.366,"NO_BUG"
"256",38,13,0,7,359,135,944.737,216,135,568.421,143,58,376.316,333.143,714.314,"NO_BUG"
"257",38,3,0,9,161,27,423.684,138,21,363.158,23,14,0.605263,248.143,67.559,"NO_BUG"
"258",81,7,0,9,796,143,982.716,565,143,697.531,231,47,285.185,367,132.518,"NO_BUG"
"259",119,55,0,9,8425,2042,707.983,2635,594,221.429,5790,2013,486.555,246.571,303.109,"BUG"
"260",37,7,0,8,120,16,324.324,101,29,272.973,19,9,0.513513,239.143,61.5,"NO_BUG"
"261",42,6,0,7,1347,618,320.714,1432,637,340.952,-85,5,-202.381,367,356.825,"NO_BUG"
"262",7,2,0,3,64,25,914.286,49,26,7,15,8,214.286,184.571,24.154,"NO_BUG"
"263",11,6,0,5,39,8,354.545,14,5,127.273,25,7,227.273,288.143,107.689,"NO_BUG"
"264",244,19,0,8,10254,1386,420.246,5777,1386,236.762,4477,564,183.484,367,132.341,"BUG"
"265",29,4,0,8,172,63,593.103,146,75,503.448,26,7,0.896552,243,227.566,"BUG"
"266",34,12,0,7,433,238,127.353,303,238,891.176,130,60,382.353,333.143,552.118,"NO_BUG"
"267",37,6,0,6,252,66,681.081,258,66,697.297,-6,12,-0.162162,367,455.635,"NO_BUG"
"268",20,6,0,4,187,89,9.35,179,89,8.95,8,6,0.4,367,476.921,"NO_BUG"
"269",38,6,0,7,1976,971,52,2022,971,532.105,-46,10,-121.053,367,351.962,"NO_BUG"
"270",2,0,0,1,11,11,5.5,1,1,0.5,10,10,5,667.143,0.714286,"NO_BUG"
"271",18,3,0,4,80,27,444.444,101,33,561.111,-21,6,-116.667,367,805.321,"NO_BUG"
"272",46,4,0,6,943,310,20.5,964,310,209.565,-21,10,-0.456522,367,343.077,"NO_BUG"
"273",42,14,0,7,539,170,128.333,289,170,688.095,250,74,595.238,333.143,689.268,"NO_BUG"
"274",6,3,0,2,23,10,383.333,37,31,616.667,-14,6,-233.333,113.857,20.323,"NO_BUG"
"275",31,11,0,5,562,75,18.129,312,65,100.645,250,74,806.452,264.857,341.734,"NO_BUG"
"276",16,6,0,6,130,22,8.125,51,20,31.875,79,22,49.375,198.143,502.901,"NO_BUG"
"277",14,3,0,3,443,180,316.429,51,22,364.286,392,180,28,222.857,135.824,"NO_BUG"
"278",21,4,0,6,129,32,614.286,110,32,52.381,19,8,0.904762,367,100.924,"NO_BUG"
"279",24,8,0,6,225,77,9.375,189,77,7.875,36,47,1.5,333.143,665.175,"NO_BUG"
"280",5,4,0,1,22,19,4.4,18,15,3.6,4,4,0.8,168.857,955.909,"NO_BUG"
"281",16,5,0,4,95,42,59.375,91,22,56.875,4,21,0.25,176.857,107.777,"NO_BUG"
"282",2,1,0,2,1,1,0.5,1,1,0.5,0,0,0,227.143,197.143,"NO_BUG"
"283",9,4,0,5,18,4,2,11,4,122.222,7,4,0.777778,217.143,863.968,"NO_BUG"
"284",65,7,0,7,643,217,989.231,787,324,121.077,-144,13,-221.538,367,607.758,"NO_BUG"
"285",4,4,0,1,3,1,0.75,3,1,0.75,0,0,0,126.571,740.476,"NO_BUG"
"286",5,2,0,1,40,19,8,1,1,0.2,39,18,7.8,914.286,137.143,"NO_BUG"
"287",109,15,0,8,2519,442,231.101,1822,290,167.156,697,213,63.945,367,155.613,"NO_BUG"
"288",36,13,0,7,351,130,9.75,208,130,577.778,143,58,397.222,333.143,723.289,"NO_BUG"
"289",10,5,0,1,85,55,8.5,13,3,1.3,72,54,7.2,787.143,154.303,"NO_BUG"
"290",7,3,0,5,11,4,157.143,8,4,114.286,3,3,0.428571,264.857,945.714,"BUG"
"291",36,13,0,7,482,175,133.889,288,175,8,194,76,538.889,333.143,720.033,"NO_BUG"
"292",2,0,0,2,0,0,0,0,0,0,0,0,0,135.714,0,"NO_BUG"
"293",38,3,0,7,476,152,125.263,395,152,103.947,81,56,213.158,367,105.485,"NO_BUG"
"294",157,13,0,8,2349,392,149.618,1852,392,117.962,497,295,316.561,367,944.644,"BUG"
"295",45,17,0,8,1126,157,250.222,729,306,16.2,397,148,882.222,281.714,67.46,"NO_BUG"
"296",78,15,1,7,1262,219,161.795,1014,246,13,248,205,317.949,255.714,648.228,"BUG"
"297",44,10,0,7,244,31,554.545,174,21,395.455,70,17,159.091,239.143,571.985,"BUG"
"298",33,5,0,5,168,74,509.091,141,74,427.273,27,11,0.818182,367,678.172,"NO_BUG"
"299",25,7,0,8,1229,291,49.16,765,122,30.6,464,169,18.56,220.143,812.442,"NO_BUG"
"300",28,6,0,6,115,34,410.714,75,34,267.857,40,11,142.857,351.857,720.658,"NO_BUG"
"301",226,71,0,10,50221,3693,222.217,44127,2958,195.252,6094,2050,269.646,367,910.942,"BUG"
"302",15,2,0,2,120,27,8,48,20,3.2,72,26,4.8,105,605.952,"BUG"
"303",38,7,0,6,496,105,130.526,478,105,125.789,18,9,0.473684,367,514.145,"NO_BUG"
"304",127,24,0,10,8666,1365,682.362,5536,1365,435.905,3130,546,246.457,367,112.494,"BUG"
"305",2,1,0,2,1,1,0.5,1,1,0.5,0,0,0,127,692.857,"NO_BUG"
"306",8,0,0,1,75,24,9.375,20,12,2.5,55,19,6.875,126,541.524,"NO_BUG"
"307",21,4,0,6,335,130,159.524,253,130,120.476,82,46,390.476,333.143,710.094,"NO_BUG"
"308",21,4,0,8,269,195,128.095,229,194,109.048,40,14,190.476,325.857,146.125,"NO_BUG"
"309",25,9,0,6,119,36,4.76,103,36,4.12,16,8,0.64,325.143,876.999,"NO_BUG"
"310",3,2,0,2,5,3,166.667,4,3,133.333,1,1,0.333333,111.714,131.714,"NO_BUG"
"311",239,59,0,10,14272,3055,597.155,13174,3055,551.213,1098,269,459.414,367,806.008,"BUG"
"312",54,9,0,6,525,115,972.222,494,115,914.815,31,21,0.574074,367,718.171,"NO_BUG"
"313",58,13,0,7,905,215,156.034,476,215,82.069,429,132,739.655,333.143,879.662,"NO_BUG"
"314",31,8,0,7,212,105,683.871,280,105,903.226,-68,8,-219.355,343,540.222,"BUG"
"315",98,26,0,13,15621,3028,159.398,12538,3026,127.939,3083,751,314.592,294.571,138.94,"NO_BUG"
"316",1,0,0,1,0,0,0,0,0,0,0,0,0,147.143,0,"NO_BUG"
"317",90,14,0,8,3173,548,352.556,3015,610,33.5,158,76,175.556,367,100.157,"NO_BUG"
"318",97,23,0,8,1990,289,205.155,1403,289,144.639,587,140,605.155,367,139.257,"BUG"
"319",36,5,0,5,310,59,861.111,307,59,852.778,3,10,0.0833333,367,68.859,"NO_BUG"
"320",3,2,0,2,24,18,8,97,87,323.333,-73,8,-243.333,122.714,573.929,"NO_BUG"
"321",18,4,0,7,64,14,355.556,33,10,183.333,31,12,172.222,248.571,580.045,"BUG"
"322",43,3,0,5,768,230,178.605,467,87,108.605,301,161,7,367,138.212,"NO_BUG"
"323",29,9,0,7,276,113,951.724,162,113,558.621,114,52,393.103,333.143,713.131,"NO_BUG"
"324",25,6,0,6,339,113,13.56,67,7,2.68,272,107,10.88,229.714,263.936,"NO_BUG"
"325",55,6,0,8,988,192,179.636,975,192,177.273,13,50,0.236364,367,112.65,"BUG"
"326",28,3,0,6,352,112,125.714,113,36,403.571,239,112,853.571,240.857,455.933,"NO_BUG"
"327",39,14,0,7,400,171,102.564,255,171,653.846,145,60,371.795,333.143,665.168,"NO_BUG"
"328",27,5,0,6,257,45,951.852,114,44,422.222,143,31,52.963,227.571,465.097,"BUG"
"329",22,4,0,5,268,61,121.818,99,30,4.5,169,31,768.182,236,179.238,"BUG"
"330",95,18,0,8,845,75,889.474,382,51,402.105,463,61,487.368,325.143,110.378,"NO_BUG"
"331",56,17,0,7,3556,587,63.5,4880,1041,871.429,-1324,307,-236.429,322.714,115.126,"BUG"
"332",38,13,0,7,356,130,936.842,214,130,563.158,142,58,373.684,333.143,71.937,"NO_BUG"
"333",1,0,0,1,0,0,0,0,0,0,0,0,0,122.857,0,"BUG"
"334",1,0,0,1,0,0,0,0,0,0,0,0,0,172.714,0,"NO_BUG"
"335",3,0,0,1,18,14,6,3,2,1,15,13,5,735.714,379.365,"NO_BUG"
"336",23,3,0,6,81,19,352.174,81,14,352.174,0,17,0,261.571,283.104,"NO_BUG"
"337",35,6,0,6,179,54,511.429,201,54,574.286,-22,5,-0.628571,367,582.705,"NO_BUG"
"338",1,0,0,1,0,0,0,0,0,0,0,0,0,338.571,0,"NO_BUG"
"339",19,6,0,5,47,9,247.368,64,9,336.842,-17,7,-0.894737,322.714,486.717,"NO_BUG"
"340",53,13,0,7,697,175,131.509,418,175,788.679,279,160,526.415,333.143,849.543,"NO_BUG"
"341",1,0,0,1,0,0,0,0,0,0,0,0,0,147.143,0,"NO_BUG"
"342",28,4,0,5,105,45,3.75,103,45,367.857,2,6,0.0714286,367,590.014,"NO_BUG"
"343",30,4,0,5,132,55,4.4,136,55,453.333,-4,7,-0.133333,367,504.026,"NO_BUG"
"344",15,4,0,4,144,60,9.6,145,60,966.667,-1,10,-0.0666667,347.857,517.669,"NO_BUG"
"345",66,16,0,9,1416,249,214.545,763,249,115.606,653,147,989.394,333.143,877.899,"NO_BUG"
"346",11,4,0,5,27,10,245.455,20,5,181.818,7,5,0.636364,321.714,714.709,"NO_BUG"
"347",2,1,0,2,1,1,0.5,1,1,0.5,0,0,0,127,692.857,"NO_BUG"
"348",70,8,0,9,809,102,115.571,625,102,892.857,184,51,262.857,367,157.035,"NO_BUG"
"349",2,0,0,2,1,1,0.5,6,6,3,-5,0,-2.5,145.714,5,"NO_BUG"
"350",34,4,0,5,163,68,479.412,164,68,482.353,-1,5,-0.0294118,367,473.216,"NO_BUG"
"351",48,12,0,9,778,144,162.083,318,144,6.625,460,94,958.333,333.143,906.761,"NO_BUG"
"352",42,6,0,7,262,115,62.381,204,115,485.714,58,14,138.095,270.143,138.27,"NO_BUG"
"353",24,8,0,5,1171,357,487.917,585,217,24.375,586,306,244.167,238.429,631.014,"NO_BUG"
"354",21,4,0,5,157,38,747.619,135,38,642.857,22,7,104.762,367,776.069,"NO_BUG"
"355",23,6,0,6,100,35,434.783,87,35,378.261,13,6,0.565217,367,850.928,"NO_BUG"
"356",92,6,0,9,1830,206,198.913,982,146,106.739,848,205,921.739,248.571,853.527,"BUG"
"357",75,7,0,7,2054,181,273.867,1763,181,235.067,291,112,3.88,367,726.069,"BUG"
"358",15,4,0,3,163,79,108.667,161,79,107.333,2,8,0.133333,367,472.287,"NO_BUG"
"359",318,166,0,10,17380,3852,546.541,12236,2861,38.478,5144,1378,161.761,333.143,977.421,"BUG"
"360",115,16,0,11,2006,339,174.435,1814,339,157.739,192,68,166.957,367,110.401,"BUG"
"361",20,4,0,6,106,37,5.3,97,32,4.85,9,27,0.45,243,944.892,"NO_BUG"
"362",90,7,0,9,2269,335,252.111,1645,335,182.778,624,96,693.333,367,143.248,"BUG"
"363",3,0,0,2,16,15,533.333,1,1,0.333333,15,15,5,112,383.036,"NO_BUG"
"364",37,4,0,6,706,351,190.811,739,351,19.973,-33,5,-0.891892,367,396.908,"NO_BUG"
"365",43,6,0,7,1703,718,396.047,1711,718,397.907,-8,44,-0.186047,367,419.631,"NO_BUG"
"366",16,5,0,6,60,13,3.75,43,9,26.875,17,6,10.625,325.143,102.576,"NO_BUG"
"367",80,11,0,6,1712,152,21.4,853,113,106.625,859,105,107.375,239.143,659.057,"BUG"
"368",166,72,0,11,4331,668,260.904,2972,616,179.036,1359,119,818.675,333.143,147.972,"BUG"
"369",16,3,0,4,144,45,9,121,29,75.625,23,22,14.375,236,215.427,"NO_BUG"
"370",34,12,0,7,314,123,923.529,179,123,526.471,135,60,397.059,333.143,707.502,"NO_BUG"
"371",9,4,0,4,44,22,488.889,39,22,433.333,5,5,0.555556,329,446.526,"BUG"
"372",38,6,0,6,385,132,101.316,305,132,802.632,80,23,210.526,367,60.177,"NO_BUG"
"373",12,4,0,5,40,11,333.333,14,4,116.667,26,11,216.667,240.143,206.786,"NO_BUG"
"374",17,3,0,4,106,23,623.529,24,6,141.176,82,23,482.353,227.571,922.237,"NO_BUG"
"375",51,9,0,7,426,143,835.294,394,143,772.549,32,13,0.627451,367,882.921,"NO_BUG"
"376",35,10,0,6,336,103,9.6,306,89,874.286,30,22,0.857143,322.714,757.976,"NO_BUG"
"377",66,11,0,8,885,193,134.091,823,193,124.697,62,53,0.939394,367,125.48,"NO_BUG"
"378",6,6,0,1,10,3,166.667,6,2,1,4,2,0.666667,168.857,945.857,"NO_BUG"
"379",121,27,0,9,1943,305,160.579,1245,305,102.893,698,150,576.859,367,146.939,"BUG"
"380",6,2,0,1,98,37,163.333,13,9,216.667,85,37,141.667,142,290.831,"NO_BUG"
"381",24,6,0,5,269,100,112.083,68,9,283.333,201,91,8.375,229.714,976.739,"NO_BUG"
"382",20,5,0,5,155,46,7.75,150,54,7.5,5,14,0.25,367,800.212,"NO_BUG"
"383",31,4,0,5,148,67,477.419,153,67,493.548,-5,4,-0.16129,367,521.911,"NO_BUG"
"384",66,6,0,9,2006,584,303.939,470,105,712.121,1536,556,232.727,329.143,996.814,"NO_BUG"
"385",33,4,0,7,310,87,939.394,86,19,260.606,224,68,678.788,261.571,129.549,"NO_BUG"
"386",13,4,0,3,86,47,661.538,49,13,376.923,37,35,284.615,136.571,120.282,"NO_BUG"
"387",43,10,0,8,485,178,112.791,140,46,325.581,345,132,802.326,320.714,153.406,"NO_BUG"
"388",1,0,0,1,0,0,0,0,0,0,0,0,0,338.571,0,"BUG"
"389",28,5,0,6,414,215,147.857,428,215,152.857,-14,6,-0.5,367,453.585,"NO_BUG"
"390",49,6,0,5,416,172,84.898,421,172,859.184,-5,15,-0.102041,367,574.475,"NO_BUG"
"391",14,9,0,3,45,11,321.429,25,6,178.571,20,9,142.857,168.857,521.873,"NO_BUG"
"392",71,22,0,11,877,133,123.521,531,133,747.887,346,48,487.324,333.143,129.753,"NO_BUG"
"393",64,12,0,7,1384,248,21.625,1316,248,205.625,68,44,10.625,367,111.665,"NO_BUG"
"394",26,8,0,5,67,10,257.692,43,9,165.385,24,10,0.923077,322.714,762.345,"NO_BUG"
"395",124,10,0,9,2029,568,163.629,1496,568,120.645,533,51,429.839,329,993.253,"BUG"
"396",4,3,0,2,6,4,1.5,6,4,1.5,0,0,0,183.857,309.762,"NO_BUG"
"397",64,6,0,7,714,232,111.563,652,232,101.875,62,39,0.96875,367,693.741,"NO_BUG"
"398",28,4,0,5,190,60,678.571,192,60,685.714,-2,7,-0.0714286,367,633.609,"NO_BUG"
"399",1,0,0,1,0,0,0,0,0,0,0,0,0,157.143,0,"NO_BUG"
"400",49,6,0,9,726,219,148.163,729,219,148.776,-3,23,-0.0612245,367,721.556,"NO_BUG"
"401",20,6,0,6,91,42,4.55,76,42,3.8,15,10,0.75,347.857,635.369,"NO_BUG"
"402",37,6,0,6,232,64,627.027,239,64,645.946,-7,11,-0.189189,367,461.823,"NO_BUG"
"403",30,3,0,5,572,138,190.667,570,138,19,2,10,0.0666667,367,775.457,"NO_BUG"
"404",82,11,0,9,1715,270,209.146,1266,524,15.439,449,265,547.561,222.857,544.049,"NO_BUG"
"405",56,9,0,8,657,141,117.321,398,53,710.714,259,140,4.625,250,147.079,"BUG"
"406",2,0,0,1,8,8,4,3,3,1.5,5,5,2.5,123.714,0.142857,"NO_BUG"
"407",20,6,0,7,250,94,12.5,124,60,6.2,126,43,6.3,192,152.038,"NO_BUG"
"408",13,5,0,4,95,68,730.769,88,68,676.923,7,5,0.538462,345.429,472.707,"NO_BUG"
"409",46,14,0,8,470,124,102.174,229,124,497.826,241,93,523.913,333.143,134.24,"NO_BUG"
"410",5,3,0,1,23,15,4.6,16,9,3.2,7,6,1.4,168.857,846.584,"NO_BUG"
"411",46,18,0,7,127,25,276.087,132,25,286.957,-5,18,-0.108696,181.429,330.315,"NO_BUG"
"412",8,6,0,2,46,29,5.75,12,7,1.5,34,22,4.25,126.571,671.366,"NO_BUG"
"413",52,5,0,7,690,175,132.692,711,175,136.731,-21,40,-0.403846,367,687.714,"NO_BUG"
"414",6,0,0,2,17,9,283.333,8,6,133.333,9,9,1.5,140.143,219.328,"NO_BUG"
"415",108,30,0,11,1416,164,131.111,970,164,898.148,446,83,412.963,333.143,159.011,"NO_BUG"
"416",123,13,0,9,2597,393,211.138,2389,393,194.228,208,66,169.106,367,130.377,"BUG"
"417",51,7,0,6,437,149,856.863,352,149,690.196,85,20,166.667,367,65.764,"NO_BUG"
"418",60,8,0,10,979,413,163.167,808,413,134.667,171,39,2.85,333,665.053,"BUG"
"419",12,4,0,6,71,49,591.667,69,54,5.75,2,7,0.166667,243,463.501,"BUG"
"420",61,18,0,7,601,116,985.246,498,116,816.393,103,28,168.852,367,952.008,"NO_BUG"
"421",21,4,0,8,290,107,138.095,51,15,242.857,239,107,11.381,228.429,142.847,"NO_BUG"
"422",95,11,0,8,2048,311,215.579,1923,311,202.421,125,28,131.579,367,883.375,"BUG"
"423",14,2,0,6,51,12,364.286,26,11,185.714,25,11,178.571,216.571,753.782,"BUG"
"424",63,23,0,10,2035,467,323.016,1133,467,179.841,902,139,143.175,333.143,107.323,"NO_BUG"
"425",12,10,0,2,139,38,115.833,130,77,108.333,9,16,0.75,126.571,411.747,"NO_BUG"
"426",2,1,0,2,1,1,0.5,1,1,0.5,0,0,0,338.571,308.571,"NO_BUG"
"427",25,4,0,5,421,100,16.84,300,69,12,121,60,4.84,367,106.91,"NO_BUG"
"428",40,4,0,8,373,105,9.325,329,105,8.225,44,14,1.1,329,681.264,"NO_BUG"
"429",2,1,0,2,1,1,0.5,1,1,0.5,0,0,0,127,692.857,"NO_BUG"
"430",28,4,0,7,178,58,635.714,175,58,6.25,3,8,0.107143,329,380.385,"NO_BUG"
"431",144,9,0,10,3312,537,23,1949,361,135.347,1363,176,946.528,367,227.626,"BUG"
"432",34,4,0,5,233,54,685.294,240,54,705.882,-7,6,-0.205882,367,778.087,"NO_BUG"
"433",69,10,0,7,823,171,119.275,442,171,64.058,381,145,552.174,359.857,56.821,"BUG"
"434",100,5,0,7,4966,645,49.66,5428,645,54.28,-462,55,-4.62,367,465.549,"BUG"
"435",3,0,0,2,6,5,2,8,7,266.667,-2,0,-0.666667,89,229.524,"NO_BUG"
"436",28,4,0,5,136,50,485.714,134,50,478.571,2,6,0.0714286,367,532.805,"NO_BUG"
"437",26,5,0,4,332,39,127.692,131,39,503.846,201,39,773.077,175.714,237.431,"NO_BUG"
"438",25,5,0,7,64,13,2.56,53,8,2.12,11,13,0.44,239.143,704.911,"NO_BUG"
"439",56,7,0,8,647,174,115.536,567,174,10.125,80,30,142.857,367,862.279,"BUG"
"440",6,2,0,3,42,22,7,25,9,416.667,17,17,283.333,169.143,256.633,"NO_BUG"
"441",46,8,0,6,1599,712,347.609,1693,825,368.043,-94,80,-204.348,367,400.115,"NO_BUG"
"442",11,2,0,3,44,16,4,35,11,318.182,9,5,0.818182,177.143,237.045,"NO_BUG"
"443",11,4,0,4,42,9,381.818,42,9,381.818,0,0,0,322.714,362.279,"NO_BUG"
"444",23,7,0,8,214,99,930.435,133,99,578.261,81,21,352.174,332,760.494,"NO_BUG"
"445",21,5,0,5,120,58,571.429,122,58,580.952,-2,6,-0.0952381,367,630.702,"NO_BUG"
"446",30,4,0,5,243,71,8.1,236,71,786.667,7,6,0.233333,367,474.062,"NO_BUG"
"447",60,4,0,8,890,212,148.333,769,281,128.167,121,131,201.667,249.143,321.392,"NO_BUG"
"448",9,4,0,6,49,11,544.444,31,10,344.444,18,9,2,220.143,385.423,"NO_BUG"
"449",6,0,0,3,302,143,503.333,287,143,478.333,15,143,2.5,845.714,236.272,"NO_BUG"
"450",68,11,0,9,2381,402,350.147,1288,141,189.412,1093,361,160.735,220.143,359.899,"BUG"
"451",84,9,0,7,1444,249,171.905,1425,249,169.643,19,15,0.22619,367,110.897,"BUG"
"452",17,3,0,4,106,23,623.529,24,6,141.176,82,23,482.353,227.571,922.237,"NO_BUG"
"453",15,4,0,5,55,10,366.667,68,18,453.333,-13,4,-0.866667,322.714,652.597,"NO_BUG"
"454",69,6,0,8,922,282,133.623,747,282,108.261,175,38,253.623,329,470.913,"NO_BUG"
"455",39,7,0,6,734,162,188.205,232,58,594.872,502,162,128.718,239.571,146.339,"NO_BUG"
"456",9,9,0,1,141,54,156.667,37,18,411.111,104,50,115.556,168.857,122.691,"NO_BUG"
"457",16,3,0,6,51,11,31.875,46,9,2.875,5,10,0.3125,261.571,258.964,"NO_BUG"
"458",144,10,0,9,3524,763,244.722,2994,763,207.917,530,86,368.056,367,134.697,"NO_BUG"
"459",6,3,0,2,58,22,966.667,21,14,3.5,37,17,616.667,140.143,277.192,"BUG"
"460",39,5,0,6,533,147,136.667,455,147,116.667,78,35,2,367,479.743,"NO_BUG"
"461",85,13,0,9,1168,274,137.412,526,106,618.824,642,274,755.294,240.857,567.549,"BUG"
"462",75,9,0,9,2010,555,26.8,2774,1321,369.867,-764,39,-101.867,367,406.723,"NO_BUG"
"463",14,4,0,6,92,64,657.143,94,70,671.429,-2,3,-0.142857,270.143,132.286,"NO_BUG"
"464",49,5,0,7,895,78,182.653,895,78,182.653,0,8,0,367,422.337,"NO_BUG"
"465",173,9,0,9,2305,458,133.237,1752,458,101.272,553,72,319.653,367,969.238,"NO_BUG"
"466",8,2,0,3,305,162,38.125,13,11,1.625,292,162,36.5,228.857,56.919,"NO_BUG"
"467",16,5,0,6,69,15,43.125,36,7,2.25,33,14,20.625,252.857,971.739,"NO_BUG"
"468",128,12,0,9,5536,1358,43.25,3522,1358,275.156,2014,449,157.344,367,164.919,"BUG"
"469",34,6,0,7,370,141,108.824,366,141,107.647,4,5,0.117647,367,423.432,"NO_BUG"
"470",83,8,0,7,2960,450,356.627,3359,450,404.699,-399,58,-480.723,367,361.602,"BUG"
"471",69,9,0,7,1470,235,213.043,1179,235,17.087,291,62,421.739,367,131.242,"BUG"
"472",8,5,0,3,17,6,2.125,20,9,2.5,-3,4,-0.375,184.571,104.076,"NO_BUG"
"473",33,5,0,5,291,81,881.818,279,81,845.454,12,20,0.363636,367,566.794,"NO_BUG"
"474",15,4,0,7,101,54,673.333,96,54,6.4,5,5,0.333333,329,551.117,"NO_BUG"
"475",4,3,0,2,6,4,1.5,6,4,1.5,0,0,0,184.571,317.143,"NO_BUG"
"476",49,5,0,7,334,51,681.633,269,51,54.898,65,23,132.653,367,986.069,"NO_BUG"
"477",74,8,0,5,4391,1328,593.378,4465,1328,603.378,-74,34,-1,367,526.632,"NO_BUG"
"478",15,5,0,7,87,39,5.8,70,39,466.667,17,10,113.333,329,619.277,"NO_BUG"
"479",4,0,0,1,25,16,6.25,14,12,3.5,11,14,2.75,140.143,184.571,"NO_BUG"
"480",48,7,0,7,8887,1598,185.146,9187,1854,191.396,-300,6,-6.25,367,508.267,"NO_BUG"
"481",9,2,0,3,55,20,611.111,55,46,611.111,0,20,0,190.714,211.013,"NO_BUG"
"482",1,0,0,1,0,0,0,0,0,0,0,0,0,147.143,0,"NO_BUG"
"483",45,13,0,9,583,204,129.556,349,204,775.556,234,94,5.2,333.143,757.047,"NO_BUG"
"484",94,6,0,8,2095,542,222.872,2143,579,227.979,-48,124,-0.510638,367,102.386,"BUG"
"485",40,5,0,9,337,49,8.425,129,36,3.225,208,49,5.2,239.143,614.837,"NO_BUG"
"486",94,5,0,9,1177,151,125.213,992,151,105.532,185,87,196.809,329,108.524,"BUG"
"487",105,17,0,9,3845,308,36.619,2468,312,235.048,1377,167,131.143,230.143,503.423,"BUG"
"488",6,2,0,3,26,7,433.333,16,5,266.667,10,6,166.667,175,239.945,"NO_BUG"
"489",46,5,0,8,748,166,162.609,386,43,83.913,362,129,786.956,234.571,306.146,"BUG"
"490",8,0,0,1,131,60,16.375,59,25,7.375,72,58,9,16,172.737,"BUG"
"491",28,9,0,7,287,113,10.25,155,113,553.571,132,61,471.429,333.143,734.545,"NO_BUG"
"492",132,50,0,7,6668,923,505.151,4784,808,362.424,1884,433,142.727,322.714,132.977,"BUG"
"493",6,2,0,2,67,28,111.667,26,15,433.333,41,21,683.333,178.143,486.098,"NO_BUG"
"494",41,4,0,7,209,39,509.756,171,39,417.073,38,14,0.926829,367,110.032,"NO_BUG"
"495",24,10,0,8,256,43,106.667,166,26,691.667,90,18,3.75,230.571,145.619,"NO_BUG"
"496",27,4,0,6,329,85,121.852,222,85,822.222,107,24,396.296,367,810.729,"NO_BUG"
"497",469,31,0,12,14901,2162,317.719,12570,2162,268.017,2331,334,497.015,367,905.064,"BUG"
"498",56,3,0,7,1017,186,181.607,918,186,163.929,99,37,176.786,367,922.651,"BUG"
"499",84,7,0,9,1376,249,16.381,989,200,117.738,387,237,460.714,248.571,638.602,"BUG"
"500",55,11,0,6,2135,325,388.182,1973,325,358.727,162,84,294.545,367,565.857,"NO_BUG"
"501",39,14,0,7,487,173,124.872,297,173,761.538,190,74,487.179,333.143,727.413,"NO_BUG"
"502",16,3,0,5,50,9,3.125,21,4,13.125,29,8,18.125,239.143,327.971,"NO_BUG"
"503",40,6,0,7,385,115,9.625,339,115,8.475,46,24,1.15,367,935.184,"NO_BUG"
"504",73,8,0,7,1847,572,253.014,2129,651,291.644,-282,19,-386.301,367,459.869,"NO_BUG"
"505",2,1,0,2,5,5,2.5,5,5,2.5,0,0,0,177.143,428.571,"BUG"
"506",14,5,0,4,62,14,442.857,28,5,2,34,13,242.857,159.857,469.885,"NO_BUG"
"507",1,0,0,1,0,0,0,0,0,0,0,0,0,338.571,0,"NO_BUG"
"508",35,8,0,7,514,124,146.857,235,124,671.429,279,76,797.143,333.143,859.722,"NO_BUG"
"509",7,6,0,1,29,20,414.286,47,36,671.429,-18,1,-257.143,168.857,587.685,"NO_BUG"
"510",3,1,0,3,21,20,7,13,12,433.333,8,8,266.667,122.857,441.497,"NO_BUG"
"511",41,5,0,8,172,20,419.512,155,32,378.049,17,8,0.414634,326.857,877.741,"NO_BUG"
"512",176,15,0,10,4315,737,24.517,3181,737,180.739,1134,101,644.318,367,115.47,"BUG"
"513",32,5,0,7,133,45,415.625,129,45,403.125,4,6,0.125,367,581.525,"NO_BUG"
"514",6,1,0,3,28,21,466.667,9,4,1.5,19,17,316.667,122.143,166.276,"NO_BUG"
"515",7,4,0,4,9,4,128.571,9,4,128.571,0,0,0,248.571,677.302,"NO_BUG"
"516",25,4,0,5,234,57,9.36,150,36,6,84,35,3.36,367,159.93,"BUG"
"517",56,6,0,9,1101,362,196.607,1125,362,200.893,-24,20,-0.428571,367,747.192,"NO_BUG"
"518",9,6,0,4,24,7,266.667,7,2,0.777778,17,7,188.889,127,717.738,"NO_BUG"
"519",20,4,0,5,99,44,4.95,142,44,7.1,-43,2,-2.15,367,601.457,"NO_BUG"
"520",10,3,0,4,21,5,2.1,18,5,1.8,3,3,0.3,191.571,37.898,"BUG"
"521",43,4,0,7,771,322,179.302,802,328,186.512,-31,21,-0.72093,367,562.944,"NO_BUG"
"522",12,5,0,4,61,17,508.333,33,7,2.75,28,10,233.333,217,113.841,"NO_BUG"
"523",62,12,0,6,797,160,128.548,671,160,108.226,126,31,203.226,367,946.232,"NO_BUG"
"524",31,4,0,6,352,77,113.548,146,64,470.968,206,53,664.516,227.571,841.364,"BUG"
"525",49,8,0,10,322,37,657.143,242,42,493.878,80,30,163.265,239.143,56.287,"NO_BUG"
"526",35,4,0,7,613,171,175.143,566,164,161.714,47,28,134.286,367,872.589,"NO_BUG"
"527",29,6,0,6,653,170,225.172,87,16,3,566,170,195.172,237.714,113.424,"NO_BUG"
"528",6,3,0,3,142,68,236.667,6,4,1,136,68,226.667,222.857,106.881,"NO_BUG"
"529",15,6,0,4,133,34,886.667,101,39,673.333,32,20,213.333,217,158.364,"NO_BUG"
"530",210,49,0,11,9587,1441,456.524,7432,1441,353.905,2155,359,102.619,333.143,953.919,"NO_BUG"
"531",11,2,0,3,416,224,378.182,166,99,150.909,250,180,227.273,867.143,10.285,"NO_BUG"
"532",5,1,0,2,14,6,2.8,9,5,1.8,5,6,1,183.571,672.551,"NO_BUG"
"533",1,0,0,1,0,0,0,0,0,0,0,0,0,285.714,0,"NO_BUG"
"534",34,8,0,6,426,140,125.294,418,157,122.941,8,22,0.235294,367,951.472,"NO_BUG"
"535",31,4,0,7,242,95,780.645,239,95,770.968,3,9,0.0967742,367,536.429,"NO_BUG"
"536",73,15,0,8,490,95,671.233,446,95,610.959,44,19,0.60274,367,97.614,"NO_BUG"
"537",45,10,0,8,411,146,913.333,230,146,511.111,181,61,402.222,333.143,652.517,"NO_BUG"
"538",22,4,0,5,407,195,18.5,414,195,188.182,-7,21,-0.318182,367,401.183,"NO_BUG"
"539",6,2,0,3,12,7,2,12,7,2,0,0,0,246.714,648.452,"NO_BUG"
"540",2,0,0,1,0,0,0,0,0,0,0,0,0,162.429,0,"NO_BUG"
"541",41,1,0,6,324,37,790.244,695,254,169.512,-371,28,-904.878,258.143,47.142,"BUG"
"542",10,3,0,5,148,64,14.8,16,4,1.6,132,64,13.2,240.857,600.676,"NO_BUG"
"543",6,0,0,2,12,5,2,4,1,0.666667,8,5,133.333,125,500.357,"NO_BUG"
"544",183,14,0,10,6101,979,333.388,5117,928,279.617,984,171,537.705,367,118.906,"NO_BUG"
"545",41,6,0,5,4660,487,113.659,4669,508,113.878,-9,296,-0.219512,367,168.509,"NO_BUG"
"546",17,4,0,6,58,21,341.176,54,21,317.647,4,6,0.235294,367,983.818,"NO_BUG"
"547",41,9,0,6,190,38,463.415,207,38,504.878,-17,4,-0.414634,367,103.091,"NO_BUG"
"548",6,2,0,4,48,25,8,22,15,366.667,26,16,433.333,205.857,519.851,"NO_BUG"
"549",16,4,0,4,42,17,2.625,38,17,2.375,4,4,0.25,367,856.224,"NO_BUG"
"550",36,13,0,7,474,172,131.667,288,172,8,186,72,516.667,333.143,725.286,"NO_BUG"
"551",24,5,0,7,65,11,270.833,65,8,270.833,0,6,0,321.143,898.725,"NO_BUG"
"552",10,3,0,3,51,22,5.1,29,9,2.9,22,22,2.2,322.714,976.667,"NO_BUG"
"553",10,5,0,4,124,76,12.4,34,18,3.4,90,58,9,122.714,901.463,"BUG"
"554",6,2,0,3,27,7,4.5,16,5,266.667,11,7,183.333,175,25.328,"NO_BUG"
"555",11,4,0,5,23,9,209.091,16,4,145.455,7,7,0.636364,248.143,154.36,"NO_BUG"
"556",3,0,0,2,13,12,433.333,2,1,0.666667,11,11,366.667,147.143,892.308,"NO_BUG"
"557",16,3,0,5,50,9,3.125,21,4,13.125,29,8,18.125,239.143,327.971,"NO_BUG"
"558",19,3,0,5,260,79,136.842,44,9,231.579,216,79,113.684,240.857,350.055,"NO_BUG"
"559",6,3,0,3,28,11,466.667,6,4,1,22,11,366.667,183.571,233.571,"NO_BUG"
"560",29,5,0,5,139,57,47.931,140,57,482.759,-1,7,-0.0344828,367,494.584,"NO_BUG"
"561",37,4,0,7,487,240,131.622,445,240,12.027,42,43,113.514,329,46.494,"NO_BUG"
"562",4,4,0,1,3,1,0.75,3,1,0.75,0,0,0,168.857,553.809,"NO_BUG"
"563",6,1,0,2,233,219,388.333,261,248,43.5,-28,1,-466.667,117.857,616.432,"NO_BUG"
"564",37,4,0,6,315,76,851.351,362,92,978.378,-47,11,-127.027,367,606.934,"BUG"
"565",50,8,0,9,533,143,10.66,453,143,9.06,80,56,1.6,367,985.864,"BUG"
"566",7,4,0,3,144,68,205.714,8,4,114.286,136,68,194.286,222.857,105.605,"NO_BUG"
"567",7,1,0,5,431,206,615.714,9,6,128.571,422,206,602.857,142.571,14.183,"NO_BUG"
"568",141,19,0,10,4684,670,332.199,4720,670,334.752,-36,219,-0.255319,367,847.565,"BUG"
"569",30,4,0,4,148,48,493.333,146,48,486.667,2,5,0.0666667,367,521.207,"NO_BUG"
"570",42,5,0,9,255,41,607.143,177,41,421.429,78,10,185.714,367,128.515,"NO_BUG"
"571",42,13,0,7,501,172,119.286,295,172,702.381,206,74,490.476,333.143,725.395,"NO_BUG"
"572",5,2,0,2,52,29,10.4,28,23,5.6,24,10,4.8,103.857,158.049,"NO_BUG"
"573",32,4,0,6,379,151,118.438,385,151,120.313,-6,17,-0.1875,367,635.756,"NO_BUG"
"574",1,0,0,1,0,0,0,0,0,0,0,0,0,147.143,0,"NO_BUG"
"575",14,4,0,6,35,10,2.5,15,4,107.143,20,10,142.857,300,781.429,"NO_BUG"
"576",86,10,0,7,1544,671,179.535,1920,671,223.256,-376,28,-437.209,367,851.222,"NO_BUG"
"577",413,18,0,11,36511,2702,884.044,25887,2702,626.804,10624,868,25.724,367,119.439,"BUG"
"578",139,18,0,7,4053,618,291.583,3545,558,255.036,508,92,365.468,367,129.03,"BUG"
"579",90,4,0,8,1635,276,181.667,836,153,928.889,799,204,887.778,217.857,467.696,"NO_BUG"
"580",51,11,0,7,687,119,134.706,309,119,605.882,378,104,741.176,333.143,872.758,"NO_BUG"
"581",22,4,0,5,203,66,922.727,173,66,786.364,30,32,136.364,367,103.087,"NO_BUG"
"582",181,11,0,10,3670,599,202.762,2841,599,156.961,829,180,458.011,367,146.225,"BUG"
"583",42,15,0,7,855,407,203.571,606,407,144.286,249,116,592.857,333.143,611.658,"NO_BUG"
"584",6,0,0,2,26,15,433.333,2,1,0.333333,24,14,4,140.143,591.758,"NO_BUG"
"585",28,3,0,7,253,92,903.571,253,92,903.571,0,9,0,367,442.716,"NO_BUG"
"586",2,1,0,2,1,1,0.5,1,1,0.5,0,0,0,127,692.857,"NO_BUG"
"587",252,142,0,8,7409,1496,294.008,5091,428,202.024,2318,1296,919.841,261.571,485.992,"BUG"
"588",9,5,0,4,153,72,17,9,4,1,144,72,16,222.857,114.613,"NO_BUG"
"589",58,9,0,7,549,125,946.552,519,125,894.828,30,29,0.517241,367,880.458,"NO_BUG"
"590",23,4,0,5,464,123,201.739,52,12,226.087,412,123,17.913,226,329.433,"NO_BUG"
"591",21,7,0,5,103,37,490.476,24,4,114.286,79,37,37.619,229.714,163.523,"NO_BUG"
"592",9,3,0,5,19,5,211.111,15,5,166.667,4,2,0.444444,233,334.662,"NO_BUG"
"593",21,3,1,5,130,52,619.048,55,21,261.905,75,52,357.143,187,806.264,"NO_BUG"
"594",1,0,0,1,0,0,0,0,0,0,0,0,0,122.857,0,"BUG"
"595",2,0,0,1,12,12,6,1,1,0.5,11,11,5.5,147.143,957.143,"NO_BUG"
"596",9,2,0,5,373,341,414.444,265,259,294.444,108,82,12,224.143,159.199,"NO_BUG"
"597",48,6,0,7,1148,464,239.167,1122,464,23.375,26,49,0.541667,367,823.712,"NO_BUG"
"598",65,5,0,8,646,64,993.846,1489,625,229.077,-843,34,-129.692,328.143,96.705,"NO_BUG"
"599",96,11,0,10,1711,272,178.229,1509,290,157.187,202,50,210.417,367,115.101,"BUG"
"600",2,0,0,2,10,10,5,4,4,2,6,6,3,147.143,5,"NO_BUG"
"601",35,7,0,9,5188,1713,148.229,939,434,268.286,4249,1511,121.4,333.143,105.181,"NO_BUG"
"602",40,4,0,4,1012,232,25.3,469,78,11.725,543,154,13.575,175.714,410.707,"NO_BUG"
"603",36,9,0,7,1462,425,406.111,665,315,184.722,797,270,221.389,333.143,120.387,"NO_BUG"
"604",7,3,0,4,9,3,128.571,9,3,128.571,0,0,0,220.143,450.952,"NO_BUG"
"605",24,7,0,5,251,67,104.583,172,51,716.667,79,20,329.167,322.714,78.992,"NO_BUG"
"606",150,14,0,11,2422,411,161.467,1764,411,11.76,658,151,438.667,329,135.043,"BUG"
"607",27,6,0,5,174,52,644.444,161,52,596.296,13,8,0.481481,367,78.014,"NO_BUG"
"608",27,3,0,5,185,41,685.185,145,41,537.037,40,16,148.148,367,888.672,"NO_BUG"
"609",35,5,0,6,391,131,111.714,329,131,9.4,62,32,177.143,367,380.018,"NO_BUG"
"610",27,8,0,8,168,57,622.222,46,6,17.037,122,53,451.852,328.143,102.19,"NO_BUG"
"611",70,5,0,9,421,62,601.429,333,62,475.714,88,32,125.714,367,128.918,"NO_BUG"
"612",50,5,0,6,1636,295,32.72,1804,321,36.08,-168,18,-3.36,367,641.712,"NO_BUG"
"613",13,4,0,5,30,9,230.769,49,10,376.923,-19,0,-146.154,322.714,494.905,"NO_BUG"
"614",14,5,0,7,192,79,137.143,130,79,928.571,62,32,442.857,333.143,100.571,"NO_BUG"
"615",18,9,0,4,237,200,131.667,69,43,383.333,168,157,933.333,166.714,98.692,"NO_BUG"
"616",57,6,0,7,667,263,117.018,663,263,116.316,4,14,0.0701754,367,622.949,"NO_BUG"
"617",66,12,0,7,946,169,143.333,862,169,130.606,84,22,127.273,367,104.98,"NO_BUG"
"618",31,3,0,6,185,83,596.774,190,83,612.903,-5,6,-0.16129,367,51.556,"NO_BUG"
"619",39,5,0,7,514,158,131.795,464,158,118.974,50,25,128.205,367,539.778,"NO_BUG"
"620",46,5,0,9,355,65,771.739,321,65,697.826,34,11,0.73913,367,108.363,"NO_BUG"
"621",12,2,0,4,117,43,9.75,230,105,191.667,-113,7,-941.667,191.714,383.492,"BUG"
"622",63,7,0,8,1269,287,201.429,1232,287,195.556,37,24,0.587302,367,483.928,"NO_BUG"
"623",9,2,0,3,388,267,431.111,20,11,222.222,368,256,408.889,126,230.066,"NO_BUG"
"624",48,5,0,8,928,293,193.333,639,293,133.125,289,68,602.083,367,813.798,"NO_BUG"
"625",40,4,0,7,326,134,8.15,323,134,8.075,3,14,0.075,367,651.613,"NO_BUG"
"626",18,3,0,5,64,25,355.556,51,25,283.333,13,6,0.722222,367,936.473,"NO_BUG"
"627",69,5,0,7,2270,728,328.986,2019,728,292.609,251,98,363.768,367,561.678,"NO_BUG"
"628",40,13,0,7,501,174,12.525,295,174,7.375,206,74,5.15,333.143,725.264,"NO_BUG"
"629",35,12,0,7,297,92,848.571,117,18,334.286,180,74,514.286,321,915.094,"NO_BUG"
"630",34,6,0,6,203,54,597.059,225,54,661.765,-22,4,-0.647059,367,691.696,"NO_BUG"
"631",62,7,0,9,711,106,114.677,516,117,832.258,195,28,314.516,367,133.266,"NO_BUG"
"632",233,26,0,11,10114,619,434.077,8989,619,385.794,1125,300,482.833,367,718.777,"BUG"
"633",24,3,0,6,146,65,608.333,150,65,6.25,-4,4,-0.166667,367,655.724,"NO_BUG"
"634",22,9,0,4,584,155,265.455,365,102,165.909,219,53,995.454,173.429,404.474,"NO_BUG"
"635",15,5,0,3,182,53,121.333,92,54,613.333,90,52,6,169.571,345.275,"BUG"
"636",90,6,0,9,2364,335,262.667,1422,335,15.8,942,149,104.667,367,140.613,"NO_BUG"
"637",59,16,0,8,821,243,139.153,531,243,9,290,170,491.525,333.143,78.58,"NO_BUG"
"638",26,4,0,4,197,69,757.692,198,69,761.538,-1,9,-0.0384615,367,350.812,"NO_BUG"
"639",6,5,0,2,74,50,123.333,30,16,5,44,34,733.333,122.714,560.985,"NO_BUG"
"640",122,7,0,8,4457,1312,365.328,4192,1312,343.607,265,357,217.213,367,592.385,"BUG"
"641",184,8,0,10,4159,756,226.033,2077,203,11.288,2082,756,113.152,230.857,48.756,"BUG"
"642",15,4,0,6,57,20,3.8,43,14,286.667,14,8,0.933333,325.143,711.905,"NO_BUG"
"643",23,6,0,5,225,83,978.261,221,83,96.087,4,6,0.173913,367,794.641,"NO_BUG"
"644",29,3,0,4,581,232,200.345,595,232,205.172,-14,5,-0.482759,367,333.142,"NO_BUG"
"645",3,1,0,2,5,4,166.667,2,1,0.666667,3,3,1,118.857,590.571,"NO_BUG"
"646",80,31,0,7,1561,247,195.125,924,145,11.55,637,223,79.625,318.143,122.75,"NO_BUG"
"647",7,3,0,3,33,17,471.429,32,17,457.143,1,1,0.142857,191.714,750.216,"BUG"
"648",52,7,0,6,1072,316,206.154,1049,316,201.731,23,17,0.442308,367,707.504,"NO_BUG"
"649",11,5,0,6,80,31,727.273,76,31,690.909,4,4,0.363636,220.143,309.089,"NO_BUG"
"650",39,15,0,7,701,321,179.744,460,321,117.949,241,100,617.949,333.143,631.528,"NO_BUG"
"651",30,9,0,7,201,76,6.7,115,76,383.333,86,37,286.667,333.143,729.204,"NO_BUG"
"652",156,16,0,7,3080,677,197.436,2705,677,173.397,375,128,240.385,367,861.558,"BUG"
"653",5,2,0,2,23,9,4.6,3,2,0.6,20,9,4,168.857,344.472,"NO_BUG"
"654",37,5,0,6,270,69,72.973,243,69,656.757,27,10,0.72973,367,669.688,"NO_BUG"
"655",27,9,0,7,265,104,981.481,149,104,551.852,116,53,42.963,333.143,737.757,"NO_BUG"
"656",1,0,0,1,0,0,0,0,0,0,0,0,0,147.143,0,"NO_BUG"
"657",11,1,0,5,20,6,181.818,15,6,136.364,5,2,0.454545,264.857,581.571,"NO_BUG"
"658",1,1,0,1,0,0,0,0,0,0,0,0,0,745.714,0,"NO_BUG"
"659",23,4,0,5,198,57,86.087,146,29,634.783,52,50,226.087,140.571,382.857,"NO_BUG"
"660",126,16,0,10,2188,397,173.651,2009,397,159.444,179,53,142.063,367,677.641,"NO_BUG"
"661",26,7,0,5,57,10,219.231,24,8,0.923077,33,10,126.923,166.571,552.957,"BUG"
"662",42,8,0,7,334,103,795.238,278,103,661.905,56,18,133.333,367,974.341,"NO_BUG"
"663",4,0,0,1,25,16,6.25,3,3,0.75,22,13,5.5,140.143,184.571,"NO_BUG"
"664",18,6,0,6,106,42,588.889,79,42,438.889,27,10,1.5,347.857,806.752,"NO_BUG"
"665",16,3,0,5,110,59,6.875,86,45,5.375,24,54,1.5,127.714,163.779,"NO_BUG"
"666",15,9,0,3,64,28,426.667,61,25,406.667,3,26,0.2,123.571,530.201,"NO_BUG"
"667",24,3,0,7,71,11,295.833,71,14,295.833,0,7,0,261.571,27.662,"NO_BUG"
"668",4,2,0,3,54,26,13.5,18,8,4.5,36,18,9,127,356.984,"BUG"
"669",3,1,0,2,11,6,366.667,9,6,3,2,2,0.666667,125.714,324.675,"NO_BUG"
"670",10,3,0,4,42,20,4.2,51,32,5.1,-9,1,-0.9,245.571,182.007,"NO_BUG"
"671",55,4,0,7,792,127,14.4,845,170,153.636,-53,124,-0.963636,258.143,624.695,"BUG"
"672",12,8,0,3,238,73,198.333,83,26,691.667,155,57,129.167,657.143,248.962,"NO_BUG"
"673",156,13,0,7,3003,501,19.25,2591,474,16.609,412,72,264.103,367,168.204,"BUG"
"674",53,5,0,6,588,183,110.943,550,183,103.774,38,34,0.716981,367,737.826,"BUG"
"675",368,22,0,11,11891,1854,323.125,9805,1854,26.644,2086,271,566.848,367,857.021,"BUG"
"676",71,19,0,8,2297,522,323.521,1677,522,236.197,620,348,873.239,333.143,853.538,"NO_BUG"
"677",80,20,0,7,14750,3120,184.375,16495,3120,206.188,-1745,531,-218.125,367,814.591,"BUG"
"678",56,13,0,7,904,218,161.429,474,218,846.429,430,132,767.857,333.143,877.539,"NO_BUG"
"679",4,1,0,3,103,54,25.75,1,1,0.25,102,54,25.5,164.714,186.144,"NO_BUG"
"680",4,4,0,2,6,4,1.5,6,4,1.5,0,0,0,194,411.429,"NO_BUG"
"681",27,4,0,5,700,202,259.259,725,216,268.519,-25,17,-0.925926,367,46.851,"BUG"
"682",8,3,0,4,28,7,3.5,18,5,2.25,10,6,1.25,175,34.148,"NO_BUG"
"683",29,5,0,7,209,48,72.069,245,79,844.828,-36,36,-124.138,222.857,477.457,"NO_BUG"
"684",4,0,0,1,58,21,14.5,6,3,1.5,52,19,13,147.143,729.557,"BUG"
"685",42,8,0,7,319,45,759.524,213,38,507.143,106,37,252.381,367,947.886,"NO_BUG"
"686",33,8,0,5,956,256,289.697,112,13,339.394,844,256,255.758,226,254.752,"NO_BUG"
"687",2,0,0,2,8,8,4,3,3,1.5,5,5,2.5,107.143,671.429,"NO_BUG"
"688",4,2,0,2,2,1,0.5,2,1,0.5,0,0,0,135,221.429,"NO_BUG"
"689",6,3,0,3,8,4,133.333,8,4,133.333,0,0,0,245.857,734.821,"NO_BUG"
"690",2,0,0,1,12,12,6,1,1,0.5,11,11,5.5,147.143,957.143,"NO_BUG"
"691",7,1,0,3,223,114,318.571,10,7,142.857,213,114,304.286,164.714,215.868,"NO_BUG"
"692",3,1,0,2,3,2,1,2,1,0.666667,1,1,0.333333,498.571,191.429,"BUG"
"693",19,3,0,5,76,25,4,51,25,268.421,25,12,131.579,367,118.041,"NO_BUG"
"694",20,5,0,6,112,50,5.6,90,50,4.5,22,10,1.1,347.857,638.724,"NO_BUG"
"695",39,7,0,9,1312,242,33.641,812,258,208.205,500,201,128.205,288.143,284.435,"BUG"
"696",52,4,0,6,909,426,174.808,936,426,18,-27,7,-0.519231,367,509.054,"NO_BUG"
"697",29,5,0,6,365,100,125.862,343,100,118.276,22,50,0.758621,367,113.877,"NO_BUG"
"698",19,5,0,5,166,47,873.684,146,39,768.421,20,18,105.263,322.714,840.189,"NO_BUG"
"699",2,0,0,1,14,14,7,0,0,0,14,14,7,914.286,128.571,"NO_BUG"
"700",32,4,0,6,637,155,199.063,629,155,196.563,8,9,0.25,367,749.404,"NO_BUG"
"701",21,4,0,5,144,23,685.714,58,17,27.619,86,23,409.524,227.571,35.755,"BUG"
"702",84,9,0,8,1426,437,169.762,1057,437,125.833,369,117,439.286,367,968.127,"NO_BUG"
"703",81,7,0,8,1723,380,212.716,1509,182,186.296,214,322,264.198,367,120.512,"BUG"
"704",77,6,0,7,1332,403,172.987,1218,403,158.182,114,81,148.052,367,452.638,"NO_BUG"
"705",24,3,0,4,337,85,140.417,301,85,125.417,36,27,1.5,367,501.865,"BUG"
"706",113,9,0,9,1169,162,103.451,993,185,878.761,176,31,155.752,367,126.459,"NO_BUG"
"707",114,3,0,9,1591,198,139.561,857,111,751.754,734,198,64.386,230.857,635.575,"BUG"
"708",9,5,0,4,28,9,311.111,12,4,133.333,16,9,177.778,228.143,235.714,"NO_BUG"
"709",26,11,0,8,243,129,934.615,58,15,223.077,185,114,711.538,246.571,187.309,"NO_BUG"
"710",18,4,0,4,119,31,661.111,123,31,683.333,-4,5,-0.222222,367,674.886,"NO_BUG"
"711",26,6,0,5,160,54,615.385,138,54,530.769,22,12,0.846154,367,998.339,"NO_BUG"
"712",7,2,0,3,740,381,105.714,16,9,228.571,724,381,103.429,164.714,206.807,"NO_BUG"
"713",16,2,0,8,226,46,14.125,80,18,5,146,33,9.125,220.143,409.937,"NO_BUG"
"714",4,2,0,1,9,6,2.25,19,7,4.75,-10,0,-2.5,914.286,128.571,"NO_BUG"
"715",38,5,0,7,283,116,744.737,276,116,726.316,7,8,0.184211,367,629.692,"NO_BUG"
"716",15,5,0,7,71,20,473.333,451,193,300.667,-380,0,-253.333,220.143,345.775,"NO_BUG"
"717",9,4,0,5,15,5,166.667,13,5,144.444,2,1,0.222222,316.714,105.933,"NO_BUG"
"718",2,0,0,1,51,51,25.5,29,29,14.5,22,22,11,957.143,357.143,"BUG"
"719",40,3,0,7,843,117,21.075,378,79,9.45,465,75,11.625,236,351.466,"NO_BUG"
"720",5,1,0,4,23,7,4.6,12,4,2.4,11,7,2.2,179.857,14.205,"NO_BUG"
"721",92,10,0,9,4436,799,482.174,1611,370,175.109,2825,799,307.065,228.429,786.207,"NO_BUG"
"722",3,0,0,1,20,12,666.667,47,47,156.667,-27,12,-9,667.143,0,"NO_BUG"
"723",49,6,0,6,506,137,103.265,498,137,101.633,8,13,0.163265,367,51.083,"BUG"
"724",6,3,0,3,142,68,236.667,6,4,1,136,68,226.667,222.857,106.881,"NO_BUG"
"725",35,6,0,6,178,54,508.571,197,54,562.857,-19,9,-0.542857,367,611.862,"NO_BUG"
"726",80,11,0,7,1549,505,193.625,1280,505,16,269,138,33.625,367,966.581,"NO_BUG"
"727",22,4,0,5,137,56,622.727,125,56,568.182,12,5,0.545455,367,746.257,"NO_BUG"
"728",19,4,0,5,243,60,127.895,50,21,263.158,193,60,101.579,219.857,136.486,"NO_BUG"
"729",17,3,0,4,106,23,623.529,24,6,141.176,82,23,482.353,227.571,922.237,"NO_BUG"
"730",38,4,0,5,276,77,726.316,237,77,623.684,39,15,102.632,367,997.935,"NO_BUG"
"731",91,9,0,9,4093,543,44.978,2902,552,318.901,1191,329,130.879,367,145.419,"NO_BUG"
"732",30,4,0,4,187,54,623.333,179,54,596.667,8,4,0.266667,367,380.183,"NO_BUG"
"733",38,3,0,8,436,124,114.737,248,50,652.632,188,106,494.737,248.571,710.465,"BUG"
"734",47,7,0,7,622,205,13.234,535,205,11.383,87,59,185.106,367,835.916,"NO_BUG"
"735",4,2,0,3,4,3,1,4,3,1,0,0,0,133.143,187.857,"NO_BUG"
"736",4,3,0,2,6,4,1.5,6,4,1.5,0,0,0,198.143,452.857,"NO_BUG"
"737",79,9,0,8,1117,282,141.392,963,282,121.899,154,52,194.937,367,104.602,"BUG"
"738",35,7,0,6,812,197,23.2,141,20,402.857,671,197,191.714,226,471.024,"NO_BUG"
"739",17,3,0,4,106,23,623.529,24,6,141.176,82,23,482.353,227.571,922.237,"NO_BUG"
"740",39,5,0,7,247,63,633.333,140,63,358.974,107,33,274.359,367,119.432,"NO_BUG"
"741",37,14,0,7,513,235,138.649,322,235,87.027,191,83,516.216,333.143,655.792,"NO_BUG"
"742",31,5,0,7,149,28,480.645,153,28,493.548,-4,14,-0.129032,334.571,649.636,"NO_BUG"
"743",6,3,0,3,108,51,18,6,4,1,102,51,17,222.571,113.611,"NO_BUG"
"744",38,13,0,7,526,195,138.421,315,195,828.947,211,91,555.263,333.143,715.997,"NO_BUG"
"745",18,7,0,7,271,100,150.556,132,100,733.333,139,60,772.222,333.143,523.927,"NO_BUG"
"746",12,4,0,5,100,44,833.333,12,4,1,88,44,733.333,218.857,130.314,"NO_BUG"
"747",15,7,1,5,122,42,813.333,35,12,233.333,87,42,5.8,222.714,284.005,"NO_BUG"
"748",25,6,0,4,298,84,11.92,271,84,10.84,27,27,1.08,367,104.058,"NO_BUG"
"749",79,7,0,7,902,235,114.177,844,235,106.835,58,57,0.734177,367,685.146,"NO_BUG"
"750",111,57,0,7,6733,874,606.577,4555,882,41.036,2178,446,196.216,246.571,236.463,"BUG"
"751",1,0,0,1,0,0,0,0,0,0,0,0,0,105,0,"BUG"
"752",17,4,0,4,79,32,464.706,77,32,452.941,2,5,0.117647,367,543.436,"NO_BUG"
"753",20,2,0,7,147,40,7.35,112,29,5.6,35,14,1.75,236,155.666,"NO_BUG"
"754",36,8,0,6,336,136,933.333,236,136,655.556,100,26,277.778,333.143,503.992,"NO_BUG"
"755",59,8,0,7,611,103,103.559,655,108,111.017,-44,42,-0.745763,367,828.071,"NO_BUG"
"756",46,12,0,8,785,183,170.652,377,183,819.565,408,121,886.956,333.143,85.287,"NO_BUG"
"757",29,4,0,5,160,60,551.724,145,60,5,15,8,0.517241,367,545.152,"NO_BUG"
"758",39,3,0,8,169,49,433.333,151,49,387.179,18,8,0.461538,367,686.407,"NO_BUG"
"759",155,33,0,12,3557,272,229.484,2821,285,18.2,736,156,474.839,333.143,123.398,"NO_BUG"
"760",25,4,0,4,259,106,10.36,270,109,10.8,-11,7,-0.44,367,366.702,"NO_BUG"
"761",24,5,0,4,160,67,666.667,167,67,695.833,-7,6,-0.291667,367,698.107,"NO_BUG"
"762",17,4,0,5,112,48,658.824,120,48,705.882,-8,4,-0.470588,367,517.564,"NO_BUG"
"763",21,5,0,5,161,72,766.667,178,72,847.619,-17,5,-0.809524,367,584.667,"NO_BUG"
"764",118,13,0,9,2331,412,197.542,1959,412,166.017,372,128,315.254,367,803.105,"NO_BUG"
"765",32,5,0,5,256,81,8,253,81,790.625,3,22,0.09375,367,132.693,"NO_BUG"
"766",32,5,0,5,183,57,571.875,150,57,46.875,33,19,103.125,367,902.795,"NO_BUG"
"767",11,4,0,4,52,12,472.727,40,9,363.636,12,6,109.091,322.714,298.517,"NO_BUG"
"768",150,14,0,9,3997,567,266.467,3783,567,25.22,214,114,142.667,367,141.094,"BUG"
"769",73,5,0,7,777,178,106.438,674,178,923.288,103,41,141.096,367,735.067,"NO_BUG"
"770",47,6,0,7,515,168,109.574,429,168,912.766,86,60,182.979,367,100.545,"NO_BUG"
"771",22,6,0,4,506,120,23,625,208,284.091,-119,12,-540.909,217,133.701,"NO_BUG"
"772",48,6,0,7,1007,298,209.792,963,298,200.625,44,51,0.916667,367,878.779,"NO_BUG"
"773",46,7,0,9,293,35,636.956,206,17,447.826,87,35,18.913,239.143,654.832,"NO_BUG"
"774",68,16,0,8,1930,237,283.824,1503,237,221.029,427,134,627.941,367,129.777,"NO_BUG"
"775",709,69,0,15,38598,2955,544.401,34292,2942,483.667,4306,336,607.334,367,100.595,"BUG"
"776",30,7,0,8,221,85,736.667,211,67,703.333,10,19,0.333333,322.714,901.467,"BUG"
"777",14,4,0,4,101,50,721.429,100,50,714.286,1,5,0.0714286,367,528.416,"NO_BUG"
"778",41,4,0,7,960,285,234.146,1208,297,294.634,-248,7,-604.878,367,643.007,"NO_BUG"
"779",23,8,0,5,177,63,769.565,41,7,178.261,136,62,591.304,229.714,159.927,"NO_BUG"
"780",9,1,0,3,28,8,311.111,19,6,211.111,9,2,1,169.571,353.418,"NO_BUG"
"781",45,11,0,7,337,78,748.889,213,78,473.333,124,35,275.556,367,122.181,"BUG"
"782",35,8,0,9,383,96,109.429,300,68,857.143,83,28,237.143,228.143,270.653,"BUG"
"783",48,6,0,7,900,257,18.75,407,47,847.917,493,223,102.708,229,478.178,"BUG"
"784",41,17,1,8,485,75,118.293,120,43,292.683,365,75,890.244,222.714,717.756,"NO_BUG"
"785",46,9,0,5,5807,1581,126.239,6763,2499,147.022,-956,147,-207.826,367,769.932,"NO_BUG"
"786",46,15,0,8,830,189,180.435,431,189,936.956,399,91,867.391,333.143,993.661,"NO_BUG"
"787",4,1,0,2,80,40,20,22,11,5.5,58,29,14.5,150.714,179.286,"NO_BUG"
"788",104,11,0,7,1487,369,142.981,1299,369,124.904,188,39,180.769,367,861.225,"NO_BUG"
"789",33,6,0,6,192,67,581.818,180,67,545.455,12,9,0.363636,367,727.991,"NO_BUG"
"790",1,0,0,1,0,0,0,0,0,0,0,0,0,871.429,0,"NO_BUG"
"791",198,13,0,9,3617,488,182.677,3066,488,154.848,551,100,278.283,367,105.595,"BUG"
"792",51,7,0,6,633,170,124.118,580,170,113.725,53,48,103.922,367,123.074,"NO_BUG"
"793",1,0,0,1,0,0,0,0,0,0,0,0,0,147.143,0,"NO_BUG"
"794",31,7,0,6,334,147,107.742,361,164,116.452,-27,6,-0.870968,367,534.363,"NO_BUG"
"795",520,132,0,12,65571,7452,126.098,59724,7452,114.854,5847,2768,112.442,367,96.248,"BUG"
"796",74,9,0,10,1263,547,170.676,961,547,129.865,302,46,408.108,329,597.003,"BUG"
"797",40,4,0,8,441,204,11.025,440,204,11,1,10,0.025,367,506.838,"NO_BUG"
"798",52,12,0,9,741,156,14.25,356,156,684.615,385,94,740.385,333.143,962.851,"NO_BUG"
"799",57,13,0,6,854,168,149.825,614,100,107.719,240,167,421.053,367,138.317,"BUG"
"800",32,7,0,7,237,33,740.625,190,41,59.375,47,28,146.875,291,81.135,"NO_BUG"
"801",18,4,0,4,93,33,516.667,85,33,472.222,8,9,0.444444,367,559.708,"NO_BUG"
"802",56,7,0,7,1082,225,193.214,889,225,15.875,193,109,344.643,367,503.331,"NO_BUG"
"803",10,0,0,2,223,73,22.3,254,97,25.4,-31,29,-3.1,89,220.756,"NO_BUG"
"804",25,3,0,7,244,83,9.76,216,83,8.64,28,38,1.12,367,965.269,"NO_BUG"
"805",39,6,0,5,302,73,774.359,312,73,8,-10,13,-0.25641,367,616.485,"NO_BUG"
"806",1,0,0,1,0,0,0,0,0,0,0,0,0,211.429,0,"NO_BUG"
"807",106,5,0,7,2472,179,233.208,1233,137,116.321,1239,123,116.887,204.714,786.175,"BUG"
"808",2,0,0,1,11,11,5.5,3,3,1.5,8,8,4,126,0.142857,"NO_BUG"
"809",17,2,0,7,99,22,582.353,62,14,364.706,37,14,217.647,217,625.815,"BUG"
"810",88,29,0,10,1783,180,202.614,1339,161,152.159,444,160,504.545,261.571,109.425,"NO_BUG"
"811",32,6,0,6,643,183,200.938,92,12,2.875,551,183,172.187,226,570.384,"NO_BUG"
"812",26,4,0,4,136,55,523.077,136,55,523.077,0,6,0,367,489.181,"NO_BUG"
"813",25,6,0,5,153,36,6.12,71,13,2.84,82,23,3.28,217,642.838,"NO_BUG"
"814",81,8,0,9,7934,1737,979.506,7679,1737,948.025,255,339,314.815,367,118.127,"NO_BUG"
"815",26,5,0,9,130,37,5,96,37,369.231,34,14,130.769,329,714.352,"NO_BUG"
"816",11,3,0,4,34,7,309.091,24,5,218.182,10,6,0.909091,175,341.513,"NO_BUG"
"817",13,2,0,4,52,18,4,56,31,430.769,-4,12,-0.307692,261.571,484.698,"NO_BUG"
"818",9,5,0,4,12,4,133.333,11,4,122.222,1,1,0.111111,224.857,769.405,"NO_BUG"
"819",36,5,0,6,670,83,186.111,337,71,936.111,333,82,9.25,354.571,805.139,"NO_BUG"
"820",99,5,0,8,1946,315,196.566,856,116,864.646,1090,315,110.101,220.714,498.048,"BUG"
"821",55,8,0,7,671,184,12.2,668,184,121.455,3,22,0.0545455,367,693.709,"NO_BUG"
"822",2,0,0,1,0,0,0,0,0,0,0,0,0,133.571,0,"BUG"
"823",35,8,0,6,957,285,273.429,276,86,788.571,681,285,194.571,239.571,121.797,"NO_BUG"
"824",17,4,0,5,478,226,281.176,487,226,286.471,-9,9,-0.529412,367,414.441,"NO_BUG"
"825",450,12,0,12,25117,1261,558.156,21204,1261,47.12,3913,429,869.556,367,965.124,"BUG"
"826",31,19,0,6,515,95,166.129,374,92,120.645,141,41,454.839,193,330.488,"NO_BUG"
"827",8,1,0,4,13,6,1.625,10,6,1.25,3,2,0.375,264.857,702.308,"NO_BUG"
"828",9,1,0,3,17,10,188.889,15,5,166.667,2,5,0.222222,131.857,154.958,"NO_BUG"
"829",74,7,0,9,423,44,571.622,352,50,475.676,71,17,0.959459,325,119.241,"NO_BUG"
"830",36,4,0,4,374,76,103.889,376,76,104.444,-2,13,-0.0555556,367,709.236,"NO_BUG"
"831",479,70,2,12,22297,2482,465.491,16639,2576,34.737,5658,459,118.121,367,129.576,"BUG"
"832",12,4,0,7,26,5,216.667,15,4,1.25,11,5,0.916667,282,903.571,"NO_BUG"
"833",239,14,0,12,13423,873,561.632,12995,896,543.724,428,103,179.079,367,549.122,"BUG"
"834",21,5,0,6,344,131,16.381,560,154,266.667,-216,9,-102.857,367,521.578,"NO_BUG"
"835",35,9,0,6,253,66,722.857,236,66,674.286,17,9,0.485714,367,99.738,"NO_BUG"
"836",6,2,0,3,39,36,6.5,37,34,616.667,2,2,0.333333,140.143,152.344,"NO_BUG"
"837",172,70,0,8,6871,959,399.477,3179,425,184.826,3692,836,214.651,264.857,166.729,"BUG"
"838",22,4,0,6,282,92,128.182,305,92,138.636,-23,4,-104.545,367,480.942,"NO_BUG"
"839",1,0,0,1,0,0,0,0,0,0,0,0,0,147.143,0,"NO_BUG"
"840",39,4,0,9,544,138,139.487,270,59,692.308,274,89,702.564,236,295.176,"NO_BUG"
"841",18,3,0,5,64,25,355.556,51,25,283.333,13,6,0.722222,367,936.473,"NO_BUG"
"842",2,0,0,1,58,58,29,16,16,8,42,42,21,205.714,147.143,"NO_BUG"
"843",9,4,0,3,28,9,311.111,29,10,322.222,-1,0,-0.111111,322.714,528.061,"NO_BUG"
"844",31,3,0,6,637,155,205.484,629,155,202.903,8,9,0.258065,367,749.388,"NO_BUG"
"845",46,5,0,7,480,224,104.348,826,320,179.565,-346,16,-752.174,279.571,48.9,"NO_BUG"
"846",63,5,0,9,926,258,146.984,829,302,131.587,97,35,153.968,367,978.383,"NO_BUG"
"847",171,14,0,10,6363,924,372.105,5607,935,327.895,756,156,442.105,367,124.878,"BUG"
"848",30,4,0,5,328,143,109.333,321,143,10.7,7,15,0.233333,367,394.787,"NO_BUG"
"849",15,4,0,5,203,74,135.333,53,19,353.333,150,74,10,207.143,104.215,"NO_BUG"
"850",34,2,0,7,243,47,714.706,245,51,720.588,-2,19,-0.0588235,243,266.238,"NO_BUG"
"851",217,57,0,9,26252,5690,120.977,25827,5690,119.018,425,328,195.853,367,933.903,"BUG"
"852",51,13,0,8,765,349,15,572,349,112.157,193,61,378.431,333.143,444.293,"BUG"
"853",21,4,0,5,293,73,139.524,151,38,719.048,142,46,67.619,281.143,348.649,"NO_BUG"
"854",29,20,0,3,2876,1767,991.724,4032,2292,139.034,-1156,428,-398.621,126.571,598.261,"BUG"
"855",35,16,0,6,209,27,597.143,195,39,557.143,14,14,0.4,264.857,468.776,"NO_BUG"
"856",30,4,0,4,168,30,5.6,165,30,5.5,3,9,0.1,367,47.159,"NO_BUG"
"857",54,6,0,8,373,95,690.741,550,95,101.852,-177,13,-327.778,367,852.539,"NO_BUG"
"858",12,2,0,3,36,7,3,10,4,0.833333,26,7,216.667,105,699.286,"NO_BUG"
"859",9,3,0,4,32,11,355.556,26,6,288.889,6,6,0.666667,244.714,252.679,"NO_BUG"
"860",14,4,0,5,18,4,128.571,18,4,128.571,0,0,0,238.429,458.175,"NO_BUG"
"861",15,4,0,5,297,131,19.8,31,12,206.667,266,131,177.333,218.857,130.702,"NO_BUG"
"862",21,3,0,4,192,37,914.286,52,11,247.619,140,36,666.667,227.571,109.219,"NO_BUG"
"863",14,5,0,6,19,4,135.714,40,23,285.714,-21,1,-1.5,236.143,101.602,"NO_BUG"
"864",10,3,0,6,152,67,15.2,14,4,1.4,138,67,13.8,240.857,547.462,"NO_BUG"
"865",2,0,0,1,9,9,4.5,0,0,0,9,9,4.5,147.143,957.143,"NO_BUG"
"866",16,5,0,5,55,9,34.375,51,9,31.875,4,4,0.25,322.714,658.883,"NO_BUG"
"867",16,3,0,7,151,39,94.375,174,99,10.875,-23,39,-14.375,193.571,30.017,"NO_BUG"
"868",44,6,0,7,326,98,740.909,306,98,695.455,20,11,0.454545,367,768.418,"NO_BUG"
"869",41,6,0,6,275,107,670.732,318,107,77.561,-43,24,-104.878,367,546.197,"NO_BUG"
"870",3,0,0,3,1,1,0.333333,1,1,0.333333,0,0,0,162.571,0,"NO_BUG"
"871",38,14,0,7,536,253,141.053,345,253,907.895,191,83,502.632,333.143,63.662,"NO_BUG"
"872",15,4,0,5,138,90,9.2,31,5,206.667,107,86,713.333,262,46.558,"NO_BUG"
"873",56,6,0,9,1654,573,295.357,2240,731,40,-586,14,-104.643,367,687.153,"NO_BUG"
"874",21,4,0,7,409,125,194.762,49,9,233.333,360,125,171.429,226,916.242,"NO_BUG"
"875",2,1,0,2,4,4,2,4,4,2,0,0,0,173,0.142857,"NO_BUG"
"876",1,1,0,1,0,0,0,0,0,0,0,0,0,605.714,0,"NO_BUG"
"877",18,4,0,7,119,24,661.111,40,10,222.222,79,24,438.889,295.143,929.208,"NO_BUG"
"878",41,13,0,7,631,227,153.902,379,227,92.439,252,90,614.634,333.143,704.743,"NO_BUG"
"879",48,6,0,8,490,54,102.083,539,74,112.292,-49,52,-102.083,329.143,136.203,"BUG"
"880",93,9,0,9,1212,205,130.323,1158,205,124.516,54,18,0.580645,367,109.407,"NO_BUG"
"881",11,3,0,5,43,27,390.909,44,30,4,-1,1,-0.0909091,245.857,91.814,"NO_BUG"
"882",116,17,0,7,3119,686,268.879,2283,686,19.681,836,190,72.069,367,866.224,"BUG"
"883",9,4,0,3,20,4,222.222,16,4,177.778,4,2,0.444444,229.714,263.143,"NO_BUG"
"884",30,8,0,7,231,120,7.7,312,120,10.4,-81,8,-2.7,343,533.006,"BUG"
"885",6,0,0,1,46,17,766.667,3,3,0.5,43,14,716.667,140.143,421.429,"NO_BUG"
"886",38,4,0,6,346,68,910.526,237,54,623.684,109,59,286.842,324.571,163.814,"BUG"
"887",31,4,0,7,242,95,780.645,238,95,767.742,4,9,0.129032,367,536.429,"NO_BUG"
"888",8,3,0,4,29,7,3.625,18,5,2.25,11,7,1.375,175,350.394,"NO_BUG"
"889",60,4,0,7,864,247,14.4,586,247,976.667,278,48,463.333,367,100.701,"NO_BUG"
"890",167,30,0,9,9461,891,566.527,8615,891,515.868,846,184,506.587,367,493.227,"BUG"
"891",15,6,0,4,240,204,16,238,204,158.667,2,3,0.133333,322.714,126.012,"BUG"
"892",7,4,0,3,11,4,157.143,18,9,257.143,-7,1,-1,123.857,341.169,"NO_BUG"
"893",22,4,0,4,555,179,252.273,64,12,290.909,491,179,223.182,226,552.844,"NO_BUG"
"894",40,15,0,7,380,151,9.5,235,151,5.875,145,59,3.625,333.143,696.068,"NO_BUG"
"895",124,14,0,5,4604,1294,37.129,4049,1294,326.532,555,170,447.581,367,541.314,"NO_BUG"
"896",37,13,0,7,344,128,92.973,199,128,537.838,145,59,391.892,333.143,731.208,"NO_BUG"
"897",6,4,0,3,7,4,116.667,7,4,116.667,0,0,0,213.857,55.449,"NO_BUG"
"898",72,5,0,9,1022,167,141.944,1141,167,158.472,-119,19,-165.278,367,860.914,"NO_BUG"
"899",73,8,0,7,947,197,129.726,932,197,127.671,15,39,0.205479,367,103.703,"NO_BUG"
"900",155,22,0,11,7314,1614,471.871,2435,365,157.097,4879,1581,314.774,322.714,124.661,"BUG"
"901",26,4,0,6,112,23,430.769,101,23,388.462,11,8,0.423077,367,111.855,"NO_BUG"
"902",53,7,0,8,551,146,103.962,517,146,975.472,34,14,0.641509,367,943.088,"NO_BUG"
"903",7,1,0,4,11,5,157.143,7,2,1,4,4,0.571429,170.571,496.623,"NO_BUG"
"904",65,8,0,8,578,75,889.231,318,84,489.231,260,27,4,248.571,495.704,"BUG"
"905",15,3,0,8,49,9,326.667,114,44,7.6,-65,2,-433.333,220.143,374.752,"NO_BUG"
"906",3,1,0,2,2,1,0.666667,8,7,266.667,-6,0,-2,113.857,109.786,"NO_BUG"
"907",43,10,0,8,523,180,121.628,524,180,12.186,-1,26,-0.0232558,367,986.651,"NO_BUG"
"908",63,4,0,7,1440,111,228.571,844,115,133.968,596,111,946.032,258,711.393,"BUG"
"909",181,15,0,8,3880,684,214.365,3657,788,202.044,223,215,123.204,367,565.994,"BUG"
"910",47,6,0,7,466,184,991.489,486,184,103.404,-20,8,-0.425532,367,424.421,"NO_BUG"
"911",8,1,0,2,35,27,4.375,41,18,5.125,-6,11,-0.75,105,469.633,"NO_BUG"
"912",23,4,0,5,374,98,162.609,46,12,2,328,98,142.609,226,381.207,"NO_BUG"
"913",82,9,0,8,2965,334,361.585,2913,334,355.244,52,98,0.634146,367,806.135,"BUG"
"914",28,4,0,5,170,58,607.143,168,58,6,2,6,0.0714286,367,678.765,"NO_BUG"
"915",459,40,0,10,16606,1450,361.787,11374,1450,24.78,5232,585,113.987,367,124.65,"BUG"
"916",45,7,0,5,662,164,147.111,802,190,178.222,-140,20,-311.111,367,553.455,"NO_BUG"
"917",26,4,0,8,162,25,623.077,172,59,661.538,-10,21,-0.384615,291,112.474,"NO_BUG"
"918",101,8,0,9,1134,223,112.277,1072,223,106.139,62,19,0.613861,367,632.878,"BUG"
"919",65,13,0,8,1524,259,234.462,832,259,12.8,692,196,106.462,333.143,894.058,"NO_BUG"
"920",39,4,0,7,278,63,712.821,275,63,705.128,3,10,0.0769231,367,771.454,"NO_BUG"
"921",21,4,0,5,215,75,102.381,213,75,101.429,2,11,0.0952381,367,474.591,"NO_BUG"
"922",25,6,0,4,267,71,10.68,241,71,9.64,26,28,1.04,367,107.064,"NO_BUG"
"923",7,2,0,5,47,20,671.429,47,15,671.429,0,8,0,231.571,596.231,"NO_BUG"
"924",4,1,0,3,127,70,31.75,1,1,0.25,126,70,31.5,158.714,147.795,"NO_BUG"
"925",73,13,0,7,2740,254,375.342,2537,254,347.534,203,57,278.082,367,373.137,"BUG"
"926",14,4,0,6,25,4,178.571,18,4,128.571,7,3,0.5,282,921.657,"NO_BUG"
"927",1,0,0,1,0,0,0,0,0,0,0,0,0,125.714,0,"NO_BUG"
"928",11,0,0,1,150,48,136.364,156,40,141.818,-6,21,-0.545455,133.143,275.962,"BUG"
"929",26,6,0,5,243,56,934.615,99,14,380.769,144,55,553.846,190.714,540.406,"BUG"
"930",14,4,0,8,115,48,821.429,405,196,289.286,-290,4,-207.143,220.143,123.304,"NO_BUG"
"931",50,16,0,7,520,174,10.4,307,174,6.14,213,75,4.26,333.143,72.406,"NO_BUG"
"932",40,11,0,7,654,164,16.35,324,164,8.1,330,77,8.25,333.143,840.767,"NO_BUG"
"933",14,4,0,4,55,13,392.857,29,5,207.143,26,9,185.714,328.571,366.545,"NO_BUG"
"934",165,15,0,8,2290,594,138.788,1878,594,113.818,412,70,249.697,367,88.614,"NO_BUG"
"935",9,4,0,6,27,15,3,18,6,2,9,9,1,281.571,121.439,"NO_BUG"
"936",17,11,0,2,196,93,115.294,126,48,741.176,70,60,411.765,124,139.424,"BUG"
"937",6,3,0,3,226,110,376.667,6,4,1,220,110,366.667,223.571,100.822,"NO_BUG"
"938",4,2,0,2,5,3,1.25,5,3,1.25,0,0,0,127,555.714,"NO_BUG"
"939",75,6,0,9,912,141,12.16,887,141,118.267,25,20,0.333333,367,701.057,"NO_BUG"
"940",3,1,0,3,5,4,166.667,5,4,166.667,0,0,0,177.143,345.714,"NO_BUG"
"941",7,2,0,3,27,10,385.714,26,9,371.429,1,1,0.142857,169.143,143.651,"NO_BUG"
"942",291,15,0,11,4847,924,166.564,4041,924,138.866,806,406,276.976,367,966.624,"BUG"
"943",72,9,0,9,1300,434,180.556,1296,434,18,4,128,0.0555556,346.571,538.768,"NO_BUG"
"944",2,1,0,2,4,4,2,4,4,2,0,0,0,177.714,485.714,"NO_BUG"
"945",131,7,0,10,3730,879,284.733,3780,893,28.855,-50,61,-0.381679,367,119.775,"BUG"
"946",39,5,0,7,539,229,138.205,570,229,146.154,-31,5,-0.794872,367,407.016,"NO_BUG"
"947",6,0,0,2,12,9,2,3,1,0.5,9,9,1.5,140.143,272.619,"NO_BUG"
"948",35,5,0,7,254,66,725.714,180,66,514.286,74,33,211.429,367,112.943,"NO_BUG"
"949",20,8,1,6,203,69,10.15,64,15,3.2,139,69,6.95,222.714,254.849,"NO_BUG"
"950",56,5,0,5,674,145,120.357,302,46,539.286,372,115,664.286,175.714,433.241,"NO_BUG"
"951",26,5,0,4,226,101,869.231,232,101,892.308,-6,6,-0.230769,367,54.665,"NO_BUG"
"952",113,15,0,8,3649,1009,32.292,2677,1009,236.903,972,271,860.177,367,853.402,"NO_BUG"
"953",48,4,0,7,261,67,54.375,217,67,452.083,44,10,0.916667,367,712.041,"NO_BUG"
"954",17,4,0,6,111,54,652.941,105,54,617.647,6,6,0.352941,367,654.633,"NO_BUG"
"955",30,5,0,6,140,47,466.667,112,47,373.333,28,7,0.933333,367,875.214,"NO_BUG"
"956",48,4,0,8,344,95,716.667,318,95,6.625,26,12,0.541667,367,527.965,"NO_BUG"
"957",47,8,0,10,699,97,148.723,324,49,689.362,375,68,797.872,220.143,544.605,"BUG"
"958",47,4,0,6,287,72,610.638,313,72,665.957,-26,6,-0.553191,367,490.383,"NO_BUG"
"959",25,4,0,5,184,63,7.36,181,63,7.24,3,6,0.12,367,646.483,"NO_BUG"
"960",39,10,0,7,984,257,252.308,197,49,505.128,787,257,201.795,239.571,163.291,"NO_BUG"
"961",68,6,0,9,503,47,739.706,439,56,645.588,64,40,0.941176,248.571,559.912,"BUG"
"962",61,11,0,7,450,77,737.705,285,77,467.213,165,35,270.492,367,110.808,"NO_BUG"
"963",189,86,0,12,6311,991,333.915,4457,991,23.582,1854,123,980.952,333.143,100.199,"BUG"
"964",34,5,0,5,287,92,844.118,221,92,6.5,66,54,194.118,367,107.619,"NO_BUG"
"965",4,3,0,2,6,4,1.5,6,4,1.5,0,0,0,185.571,326.905,"NO_BUG"
"966",3,3,0,1,2,1,0.666667,2,1,0.666667,0,0,0,168.857,56,"NO_BUG"
"967",4,2,0,3,11,10,2.75,1,1,0.25,10,10,2.5,136.143,207.013,"NO_BUG"
"968",35,7,0,6,667,198,190.571,99,12,282.857,568,198,162.286,239.571,128.297,"NO_BUG"
"969",71,5,0,9,863,149,121.549,560,84,788.732,303,96,426.761,278.857,137.885,"NO_BUG"
"970",7,1,0,5,28,15,4,72,68,102.857,-44,15,-628.571,132.143,737.755,"NO_BUG"
"971",19,2,0,5,242,65,127.368,199,108,104.737,43,45,226.316,136.571,12.768,"BUG"
"972",143,8,0,9,2802,441,195.944,1959,443,136.993,843,136,58.951,367,144.063,"BUG"
"973",113,11,0,8,2134,553,18.885,1731,553,153.186,403,93,356.637,331.857,102.769,"NO_BUG"
"974",72,7,0,9,921,208,127.917,394,80,547.222,527,208,731.944,223.571,533.802,"BUG"
"975",4,0,0,1,25,16,6.25,2,2,0.5,23,14,5.75,140.143,184.571,"NO_BUG"
"976",33,3,0,7,160,35,484.848,114,18,345.455,46,17,139.394,282,544.366,"NO_BUG"
"977",44,3,0,7,402,70,913.636,309,70,702.273,93,51,211.364,367,824.879,"NO_BUG"
"978",178,13,0,11,3899,491,219.045,2892,491,162.472,1007,220,56.573,367,137.097,"BUG"
"979",67,4,0,7,756,160,112.836,381,73,568.657,375,160,559.701,222.143,334.348,"NO_BUG"
"980",50,17,0,7,784,172,15.68,448,100,8.96,336,141,6.72,281.857,107.182,"NO_BUG"
"981",149,9,0,10,2389,507,160.336,1947,507,130.671,442,152,296.644,367,960.364,"BUG"
"982",18,3,0,4,106,23,588.889,26,6,144.444,80,23,444.444,227.571,922.237,"NO_BUG"
"983",22,4,0,5,105,32,477.273,88,32,4,17,11,0.772727,367,646.762,"NO_BUG"
"984",71,5,0,7,4282,1609,603.099,3119,728,439.296,1163,894,163.803,367,173.635,"NO_BUG"
"985",15,4,0,5,35,9,233.333,51,9,3.4,-16,0,-106.667,322.714,602.939,"NO_BUG"
"986",28,4,0,4,168,59,6,159,59,567.857,9,6,0.321429,367,527.798,"NO_BUG"
"987",65,19,0,7,1096,168,168.615,858,168,13.2,238,43,366.154,367,134.997,"NO_BUG"
"988",19,4,0,4,81,25,426.316,76,25,4,5,11,0.263158,367,607.372,"NO_BUG"
"989",86,14,0,8,2498,707,290.465,2331,707,271.046,167,129,194.186,367,104.837,"NO_BUG"
"990",18,4,0,4,124,32,688.889,125,32,694.444,-1,5,-0.0555556,367,695.184,"NO_BUG"
"991",64,8,0,10,1977,763,308.906,2315,879,361.719,-338,20,-528.125,367,561.353,"BUG"
"992",26,4,0,4,136,52,523.077,136,52,523.077,0,6,0,367,480.872,"NO_BUG"
"993",58,14,0,6,1017,246,175.345,1267,281,218.448,-250,45,-431.034,367,111.411,"NO_BUG"
"994",35,5,0,9,322,48,9.2,156,31,445.714,166,47,474.286,239.143,586.792,"NO_BUG"
"995",34,5,0,7,690,119,202.941,319,84,938.235,371,89,109.118,216,907.422,"BUG"
"996",3,3,0,1,32,27,106.667,3,2,1,29,26,966.667,657.143,495.536,"NO_BUG"
"997",51,8,0,10,2071,317,406.078,224,30,439.216,1847,315,362.157,219.857,807.057,"BUG"
